Business name,Phone number,WhatsApp link,Address,HAS_WEBSITE,Google Maps URL,Rating,Search query used
Ac Bali,+62819-7986-4848,https://wa.me/6281979864848,"Perumahan taman mulia, Jl. Dolphin No.2, Jimbaran, South Kuta, Badung Regency, Bali 80361, Indonesia",NO,https://www.google.com/maps?cid=12168558475490000274,5.000000,AC service Bali
BRAM SERVICE AC MOBIL,+62812-3825-885,https://wa.me/628123825885,"Jl. Narakusuma No.36, Sumerta Kelod, Kec. Denpasar Tim., Kota Denpasar, Bali 80235, Indonesia",NO,https://www.google.com/maps?cid=912232128536119373,4.700000,AC service Bali
CV NUSANTARA JAYA AIRCONDITIONER,+62821-4491-3267,https://wa.me/6282144913267,"Jl. Raya Canggu No.84, Kerobokan, Kec. Kuta Utara, Kabupaten Badung, Bali 80361, Indonesia",NO,https://www.google.com/maps?cid=2352964507875452652,4.600000,AC service Bali
DEWA AC Spesialis Ac Mobil Bergaransi,+62819-9997-8600,https://wa.me/6281999978600,"Jl. Bukit Tunggal No.46, Pemecutan, Denpasar Barat, Denpasar City, Bali 80111, Indonesia",NO,https://www.google.com/maps?cid=17614301529652265745,4.600000,AC service Bali
Dewata Jaya AC Service,+62858-8883-1999,https://wa.me/6285888831999,"Gg. Menesa No.3, Ungasan, South Kuta, Badung Regency, Bali 80361, Indonesia",NO,https://www.google.com/maps?cid=6615775239430831560,5.000000,AC service Bali
Mesari Teknik AC Solution,+62819-3309-6703,https://wa.me/6281933096703,"Jl. Anggrek I No.10, Kapal, Mengwi, Badung Regency, Bali 80351, Indonesia",NO,https://www.google.com/maps?cid=17496922058266458431,5.000000,AC service Bali
Service Ac,+62852-3718-9680,https://wa.me/6285237189680,"Jl. Tukad Yeh Aya No.68a, densel, Denpasar Selatan, Kota Denpasar, Bali 80111, Indonesia",NO,https://www.google.com/maps?cid=8034404613068038332,4.600000,AC service Bali
SERVICE AC DENPASAR - GIANYAR BALI,+62878-6161-5259,https://wa.me/6287861615259,,NO,https://www.google.com/maps?cid=11976424097601831683,4.700000,AC service Bali
Service ac denpasar bali,+62878-7771-6400,https://wa.me/6287877716400,"Jl. Taman baruna block, Jl. Kecubung No.52, Jimbaran, Kec. Kuta Sel., Kabupaten Badung, Bali 80361, Indonesia",NO,https://www.google.com/maps?cid=13263009125936203054,4.900000,AC service Bali
Servis Ac Bali,+62813-9050-3551,https://wa.me/6281390503551,"864H+9GX, Jl. Tukad Petanu, Dauh Puri Klod, Kec. Denpasar Bar., Kota Denpasar, Bali 80225, Indonesia",NO,https://www.google.com/maps?cid=14303773174726444718,4.800000,AC service Bali
TUKANG AC DENPASAR PASUNTEK,+62821-4563-1817,https://wa.me/6282145631817,"Gg. Walet No.15c, Dauh Puri Klod, Kec. Denpasar Bar., Kota Denpasar, Bali 80114, Indonesia",NO,https://www.google.com/maps?cid=10760221199580981410,4.900000,AC service Bali
Anisa Jaya Meubel,+62813-3631-4242,https://wa.me/6281336314242,"Jl. Denpasar-Singaraja No.Br, Sayan Baleran, Kec. Mengwi, Kabupaten Badung, Bali 80351, Indonesia",NO,https://www.google.com/maps?cid=2850417706249764530,5.000000,carpenter Bali
Dirman Carpenters,+62831-2927-3839,https://wa.me/6283129273839,"75WV+HJ8, Gg. Masruri I, Pemogan, Denpasar Selatan, Kota Denpasar, Bali 80221, Indonesia",NO,https://www.google.com/maps?cid=7778679969655246016,5.000000,carpenter Bali
Furniture and carpenter,+62813-1213-4939,https://wa.me/6281312134939,"Jl. Mandala Sari, renon, Kec. Denpasar Tim., Kota Denpasar, Bali 80234, Indonesia",NO,https://www.google.com/maps?cid=6801500151317602763,0.000000,carpenter Bali
Jati Guwi Carpenter,+62852-3804-4775,https://wa.me/6285238044775,"Jl. Persada II gang kelinci, Kerobokan Kelod, Kec. Denpasar Bar., Kabupaten Badung, Bali 80117, Indonesia",NO,https://www.google.com/maps?cid=2948891139586357560,5.000000,carpenter Bali
MGM Bali Carpenter,+62361728381,https://wa.me/62361728381,"Jl. Bypass Ngurah Rai No.90, Sanur Kauh, Denpasar Selatan, Kota Denpasar, Bali, Indonesia",NO,https://www.google.com/maps?cid=14123235021505596818,4.700000,carpenter Bali
Mulyadi carpenter,+62853-3849-3195,https://wa.me/6285338493195,"94RR+849, Jl. Raya Munggu-Kapal, Cepaka, Kec. Kediri, Kabupaten Tabanan, Bali 80363, Indonesia",NO,https://www.google.com/maps?cid=12140277825635459363,5.000000,carpenter Bali
QuitoArtBali Woodworking Project,,,"Jl. Subita Gg. VII No.4, Sumerta Kaja, Kec. Denpasar Tim., Kota Denpasar, Bali 80237, Indonesia",NO,https://www.google.com/maps?cid=18114446719803758244,5.000000,carpenter Bali
YOYO CARPENTER 1,+62813-3799-1849,https://wa.me/6281337991849,"856H+Q29, Jl. Gn. Athena, Padangsambian Klod, Kec. Denpasar Bar., Kota Denpasar, Bali 80117, Indonesia",NO,https://www.google.com/maps?cid=7620773467255517461,5.000000,carpenter Bali
Yoyo Carpenter2,+62812-3673-8781,https://wa.me/6281236738781,"Jl. Kunti II No.1002, Seminyak, Kec. Kuta, Kabupaten Badung, Bali 80361, Indonesia",NO,https://www.google.com/maps?cid=16398717179072287038,5.000000,carpenter Bali
Catering Kita Bali,+62811-3955-503,https://wa.me/628113955503,"Jl. Suli No.25, Dangin Puri Kangin, Denpasar Utara, Denpasar City, Bali 80233, Indonesia",NO,https://www.google.com/maps?cid=1086375468230927186,4.300000,catering Bali
CateringBali.com,+62821-4567-0077,https://wa.me/6282145670077,"Jl. Akasia V No. 18 U, Sumerta, East Denpasar, Denpasar City, Bali 80235, Indonesia",NO,https://www.google.com/maps?cid=6334838580724656054,4.800000,catering Bali
Ohana Bali Catering,+62812-3800-3657,https://wa.me/6281238003657,"Jl. Cargo Kenanga No.11 A, Ubung Kaja, Kec. Denpasar Utara, Kota Denpasar, Bali 80116, Indonesia",NO,https://www.google.com/maps?cid=13781683747939016420,5.000000,catering Bali
Surya Jaya Catering Bali,+62818-0561-7038,https://wa.me/6281805617038,"Jl. Tukad Irawadi No.20, Panjer, Denpasar Selatan, Kota Denpasar, Bali 80225, Indonesia",NO,https://www.google.com/maps?cid=3924560332843402053,4.600000,catering Bali
utie catering bali,+62821-4705-1724,https://wa.me/6282147051724,"Puri Gading Jalan Nuri B5 No.1, Jimbaran, Kec. Kuta Sel., Kabupaten Badung, Bali 80361, Indonesia",NO,https://www.google.com/maps?cid=11723092934040938205,4.800000,catering Bali
BNB LAUNDRY,+62813-3717-2790,https://wa.me/6281337172790,"Jl. Pantai Batu Bolong No.39, Canggu, Kec. Kuta Utara, Kabupaten Badung, Bali 80361, Indonesia",NO,https://www.google.com/maps?cid=11531662567247119398,3.900000,cleaning service Canggu Bali
JASA CLEANING SERVICE DENPASAR BALI (FITRI CLEANING OFFICIAL),+62812-3709-9626,https://wa.me/6281237099626,"954G+MC4, Jl. Muding Sari Gg. 100 X No.03, Kerobokan Kaja, Kec. Kuta Utara, Kabupaten Badung, Bali 80361, Indonesia",NO,https://www.google.com/maps?cid=2992766373192600792,5.000000,cleaning service Canggu Bali
Laundry Express Canggu,+62812-7521-4766,https://wa.me/6281275214766,"Jl. Pantai Batu Bolong No.29G, Canggu, Kec. Kuta Utara, Kabupaten Badung, Bali 80361, Indonesia",NO,https://www.google.com/maps?cid=8201285144576906614,4.900000,cleaning service Canggu Bali
MANGO CARE Cleaning and Hygiene Specialist,+62812-3918-2669,https://wa.me/6281239182669,"Jl. Raya Padang Luwih Br. Pendem No.87, Dalung, Kec. Kuta Utara, Kota/Kabupaten, Bali 80361, Indonesia",NO,https://www.google.com/maps?cid=7475940085466895121,4.800000,cleaning service Canggu Bali
SpicSpan Express Laundry Batu Bolong,+62812-8687-0003,https://wa.me/6281286870003,"Jl. Pantai Batu Bolong No.33a, Canggu, Kuta Utara, Badung Regency, Bali 80361, Indonesia",NO,https://www.google.com/maps?cid=12472011852820948682,3.800000,cleaning service Canggu Bali
Squad Cleaner,+62859-3520-9799,https://wa.me/6285935209799,"Gang Gadung X, Abianbase, Mengwi, Badung Regency, Bali 80351, Indonesia",NO,https://www.google.com/maps?cid=17872181322107087474,4.900000,cleaning service Canggu Bali
Washaholic Laundry Canggu,+62812-1101-5379,https://wa.me/6281211015379,"Jl. Raya Canggu Br, Jl. Kayu Tulang No.234 A, Canggu, Kuta Utara, Badung Regency, Bali 80351, Indonesia",NO,https://www.google.com/maps?cid=1526834664709227551,4.800000,cleaning service Canggu Bali
Yomama Laundry Bali,+62821-3814-556,https://wa.me/628213814556,"942R+M7, Jl. Subak Canggu, Canggu, Kuta Utara, Badung Regency, Bali 80361, Indonesia",NO,https://www.google.com/maps?cid=14531257684804974322,5.000000,cleaning service Canggu Bali
Bali cleaning,+62812-2524-0394,https://wa.me/6281225240394,"Jl. Raya Seminyak No.37, Seminyak, Kec. Kuta, Kabupaten Badung, Bali 80361, Indonesia",NO,https://www.google.com/maps?cid=2521701250916746608,0.000000,cleaning service Seminyak Bali
Berkah Elektrikal Abadi,+62821-4717-1182,https://wa.me/6282147171182,"Jl. Padang Gajah Gg. Pdg Kluma No.10X, Padangsambian, Denpasar Barat, Denpasar City, Bali 80119, Indonesia",NO,https://www.google.com/maps?cid=5027710586622503543,5.000000,electrician Bali
CAHYA PRATAMA MEP (instalasi listrik),+62812-3921-4034,https://wa.me/6281239214034,"Jl. Beringin Gg Pandan Harum No.3, Dalung, Kec. Kuta Utara, Kabupaten Badung, Bali 80361, Indonesia",NO,https://www.google.com/maps?cid=16887388183802745074,4.900000,electrician Bali
Electrician and handyman bali (Mr.fix),+62857-1379-4656,https://wa.me/6285713794656,"Jl. Pasraman unud No.B39, Ungasan, Kec. Kuta Sel., Kabupaten Badung, Bali 80361, Indonesia",NO,https://www.google.com/maps?cid=458971678430009337,4.000000,electrician Bali
PT MAHOTTAMA KARYA BALI,+623614765027,https://wa.me/623614765027,"Jl. Trenggana No.131, Penatih, Kec. Denpasar Tim., Kota Denpasar, Bali 80238, Indonesia",NO,https://www.google.com/maps?cid=13049230634128994683,4.700000,electrician Bali
PT.Raja Isolator Elektrikal,+62361271056,https://wa.me/62361271056,"Jl. Danau Tondano IV, Sanur, Denpasar Selatan, Kota Denpasar, Bali 80228, Indonesia",NO,https://www.google.com/maps?cid=11632937243901137158,5.000000,electrician Bali
Ramaniya Teknik,+62812-3622-557,https://wa.me/628123622557,"No.39 B, Br, Umegunung Jl. Raya Dalung, Sempidi, Kec. Mengwi, Kabupaten Badung, Bali 80351, Indonesia",NO,https://www.google.com/maps?cid=9350459299721429810,4.900000,electrician Bali
SURYA JAYA TEHNIK,+62877-5956-5888,https://wa.me/6287759565888,"Jl. Raya Padang Luwih No.102, Dalung, Kec. Kuta Utara, Kabupaten Badung, Bali 80361, Indonesia",NO,https://www.google.com/maps?cid=3839606251464304660,4.600000,electrician Bali
Tastura MEP Bali,+62877-7742-2288,https://wa.me/6287777422288,"C5MP+QJX, Kapal, Kec. Mengwi, Kabupaten Badung, Bali 80351, Indonesia",NO,https://www.google.com/maps?cid=6446868043951500651,5.000000,electrician Bali
tukang listrik panggilan cepat badung denpasar tabanan 24jam,,,"Dalung, Kec. Kuta Utara, denpasar kota, Bali 80113, Indonesia",NO,https://www.google.com/maps?cid=6468437765367804386,4.600000,electrician Bali
Bali Cleaning Services,+62821-4793-3562,https://wa.me/6282147933562,"Jln pulau bungin, Jl. Kubu Abasan Jl. Pulau Bungin Gg. IX No.17b, Pedungan, Denpasar Selatan, Kota Denpasar, Bali 80221, Indonesia",NO,https://www.google.com/maps?cid=15390404309065774990,5.000000,jasa kebersihan Bali
Jasa Angkutan dan Kebersihan,+62878-6189-5688,https://wa.me/6287861895688,"Jl. Cekomaria Gg. Lely No.2, Peguyangan Kangin, Kec. Denpasar Utara, Kota Denpasar, Bali 80115, Indonesia",NO,https://www.google.com/maps?cid=800793330487217202,4.900000,jasa kebersihan Bali
Jasa Bersih Bersih Rumah - Home Cleaning Service Bali,+62815-2928-7488,https://wa.me/6281529287488,"Perum Griya Nugraha, Jl. Taman Giri No.232 blok C10, Benoa, Kec. Kuta Sel., Kabupaten Badung, Bali 80361, Indonesia",NO,https://www.google.com/maps?cid=13667603647470699277,5.000000,jasa kebersihan Bali
Jasa cleaning service bali. PT. Parama Jaya Resik,+62858-5752-8035,https://wa.me/6285857528035,"Jl. Buana Raya No.90, Padangsambian, Kec. Denpasar Bar., Kota Denpasar, Bali 80112, Indonesia",NO,https://www.google.com/maps?cid=6811124142692706790,4.900000,jasa kebersihan Bali
Jasa kebersihan bali,+62823-3993-3864,https://wa.me/6282339933864,"Gg. Sandat No.58, Pemogan, Denpasar Selatan, Kota Denpasar, Bali 80221, Indonesia",NO,https://www.google.com/maps?cid=5544079456766687230,4.800000,jasa kebersihan Bali
AK Bali Construction | RENOVASI | BANGUN RUMAH | DESIGN | INTERIOR,+62881-0376-20017,https://wa.me/62881037620017,"Jl. Persada II Jl. Pengipian No.Br, Kerobokan, Kec. Kuta Utara, Kabupaten Badung, Bali 80117, Indonesia",NO,https://www.google.com/maps?cid=5944990009445479551,5.000000,kontraktor Bali
Bali Contractor,+62818-108-808,https://wa.me/62818108808,"Jl. Patih Jelantik, Komp. Istana Kuta Galeria, Ring 11, LT1B, Kuta, Bali 80361, Indonesia",NO,https://www.google.com/maps?cid=708779839893217279,4.800000,kontraktor Bali
CV. SINAR JAYA BALI kontraktor,+62896-3003-6399,https://wa.me/6289630036399,"Jl. Teuku Umar Barat No.424, Padangsambian Klod, Kec. Denpasar Bar., Kota Denpasar, Bali 80117, Indonesia",NO,https://www.google.com/maps?cid=17891812490037836865,5.000000,kontraktor Bali
KONTRAKTOR BALI,+62819-9971-5330,https://wa.me/6281999715330,"852W+PCV, Layon, Kampung Islam Kepaon,, Gang Keling, Pemogan, Denpasar Selatan, Pemogan, Denpasar, Kota Denpasar, Bali 80113, Indonesia",NO,https://www.google.com/maps?cid=4418332054798012206,4.000000,kontraktor Bali
PT. Jaya Kusuma Sarana Bali (JKS Bali),,,"Jl. Imam Bonjol No.555, Pemecutan Klod, Denpasar Barat, Denpasar City, Bali 80119, Indonesia",NO,https://www.google.com/maps?cid=17740447908141619433,4.300000,kontraktor Bali
Wijaya Konstruksi,+62851-9067-3088,https://wa.me/6285190673088,"Jl. Pulau Moyo XV Gg. Makmur No.88, Pedungan, Denpasar Selatan, Denpasar City, Bali 80114, Indonesia",NO,https://www.google.com/maps?cid=13784850932404099720,4.900000,kontraktor Bali
BANDAR LAUNDRY EXPRESS,+62817-334-128,https://wa.me/62817334128,"Monang Maning, Jl. Gunung Rinjani No.18, Tegal Kertha, Kec. Denpasar Bar., Kota Denpasar, Bali 80112, Indonesia",NO,https://www.google.com/maps?cid=16687113407835041861,4.900000,laundry Denpasar Bali
BANDAR LAUNDRY EXPRESS,,,"Jl. Buana Raya, Padangsambian, Kec. Denpasar Bar., Kota Denpasar, Bali 80119, Indonesia",NO,https://www.google.com/maps?cid=2901246046527196680,4.800000,laundry Denpasar Bali
DeBozz Laundry Express,+62878-3848-8155,https://wa.me/6287838488155,"Jl. Tunjung Sari No.63, Padangsambian Kaja, Denpasar Barat, Denpasar City, Bali 80117, Indonesia",NO,https://www.google.com/maps?cid=12056537888121552913,5.000000,laundry Denpasar Bali
LOCALE EXPRESS LAUNDRY BALI,+62895-1002-0205,https://wa.me/6289510020205,"alfamart, Jl. Surapati No.23, Dangin Puri, East Denpasar, Denpasar City, Bali 80232, Indonesia",NO,https://www.google.com/maps?cid=16842502600950783408,4.900000,laundry Denpasar Bali
Speed Clean Laundry Denpasar,+62819-1641-6050,https://wa.me/6281916416050,"Jl. Pulau Pinang No.1A, Dauh Puri Kauh, Denpasar Barat, Denpasar City, Bali 80113, Indonesia",NO,https://www.google.com/maps?cid=15685211843730646686,4.900000,laundry Denpasar Bali
Super Tree Laundry,+62821-4643-6772,https://wa.me/6282146436772,"Jl. Gunung Salak Utara No.107, Tegal Lantang, Padangsambian Klod, Denpasar Barat, Denpasar City, Bali 80117, Indonesia",NO,https://www.google.com/maps?cid=5888708462837056814,4.700000,laundry Denpasar Bali
Easycoin Laundromat Kuta,+62812-3972-4949,https://wa.me/6281239724949,"Jl. Kartika Plaza No.20, Kuta, Kec. Kuta, Kabupaten Badung, Bali 80361, Indonesia",NO,https://www.google.com/maps?cid=5521840071925132754,4.400000,laundry Kuta Bali
IN AND OUT LAUNDRY KUTA,+62812-3712-6699,https://wa.me/6281237126699,"Jl. Patih Jelantik No.8, Kuta, Kec. Kuta, Kabupaten Badung, Bali 80236, Indonesia",NO,https://www.google.com/maps?cid=17308931752427572781,4.200000,laundry Kuta Bali
Krisna Laundry,+62812-4609-7773,https://wa.me/6281246097773,"Jl. Popies I Gg. Sorga No. 18, Kuta, Badung, Bali 80361, Kuta, Kec. Kuta, Kabupaten Badung, Bali 80361, Indonesia",NO,https://www.google.com/maps?cid=12691115231495436199,4.600000,laundry Kuta Bali
Kuta Laundry,+62813-5394-5561,https://wa.me/6281353945561,"Jl. Raya Legian Gg. Dewa Bhrata No.2, Kuta, Kec. Kuta, Kabupaten Badung, Bali 80361, Indonesia",NO,https://www.google.com/maps?cid=11374463494503500664,4.900000,laundry Kuta Bali
Laundry Kiloan,+62896-4307-9439,https://wa.me/6289643079439,"sebelah spx express (belakang Alfa mart) abian base, Jl. Raya Kuta Jl. Dewi Sri No.1, Kuta, Kec. Kuta, Kabupaten Badung, Bali 80361, Indonesia",NO,https://www.google.com/maps?cid=1624720617031339640,4.600000,laundry Kuta Bali
Laundry-In Express Bali,+62821-4610-2239,https://wa.me/6282146102239,"Jl. Patih Jelantik No.200X, Legian, Kuta, Badung Regency, Bali 80361, Indonesia",NO,https://www.google.com/maps?cid=6516121634595404524,4.200000,laundry Kuta Bali
Mama Laundry Kuta,,,"Depan hotel Mertha Jati dan Bungalow, Jl. Kubu Anyar No.42, Kuta, Kec. Kuta, Kabupaten Badung, Bali 80361, Indonesia",NO,https://www.google.com/maps?cid=12221427229940138573,4.900000,laundry Kuta Bali
Mesari Laundry Kuta,+62859-3445-5554,https://wa.me/6285934455554,"Jl. Kubu Anyar No.12, Kuta, Badung Regency, Bali 80361, Indonesia",NO,https://www.google.com/maps?cid=15768245752097238169,4.700000,laundry Kuta Bali
PREMIER LAUNDRY & DRY CLEANING,+62857-3862-1455,https://wa.me/6285738621455,"Sebelah Spazzio Hotel/ Depan BloO Hotel, Jl. Dewi Sri No.20, Legian, Kuta, Badung Regency, Bali 80361, Indonesia",NO,https://www.google.com/maps?cid=1474445077116052001,4.900000,laundry Kuta Bali
Renata Laundry and Dry Cleaning Service Kuta,+62812-5650-0300,https://wa.me/6281256500300,"Left side in the street before Cyrcle K, Jl. Bakung Sari No.55A, Kuta, Badung Regency, Bali 80361, Indonesia",NO,https://www.google.com/maps?cid=13419874930119814816,4.800000,laundry Kuta Bali
Sagoon Care Laundry,+62818-0534-8149,https://wa.me/6281805348149,"Jl. Benesari No.18, Kuta, Kec. Kuta, Kabupaten Badung, Bali 80361, Indonesia",NO,https://www.google.com/maps?cid=15495764072986675427,4.900000,laundry Kuta Bali
The 3Brothers Laundry Kuta,+62821-4646-8081,https://wa.me/6282146468081,"Poppies line II, Jl. Benesari, Kuta, Badung Regency, Bali 80361, Indonesia",NO,https://www.google.com/maps?cid=9914238622429552120,4.600000,laundry Kuta Bali
The green laundry kuta,+62852-2871-1140,https://wa.me/6285228711140,"Jl. Kediri No.43 e, Tuban, Kuta, Badung Regency, Bali 80361, Indonesia",NO,https://www.google.com/maps?cid=8464427398046147035,4.800000,laundry Kuta Bali
twentyfour laundry express,+62881-0371-29295,https://wa.me/62881037129295,"Jl. Tegal Wangi No.21, Kuta, Badung Regency, Bali 80361, Indonesia",NO,https://www.google.com/maps?cid=5667051843194440639,4.800000,laundry Kuta Bali
Arta Laundry,+62812-4669-113,https://wa.me/628124669113,"Jl. Drupadi II No.15, Seminyak, Kec. Kuta, Kabupaten Badung, Bali 80361, Indonesia",NO,https://www.google.com/maps?cid=14210721957505334270,4.500000,laundry Seminyak Bali
d'house laundry seminyak,+62838-6904-1745,https://wa.me/6283869041745,"Jl. Yudistira No.7, Seminyak, Kec. Kuta, Kabupaten Badung, Bali 80361, Indonesia",NO,https://www.google.com/maps?cid=11042492436856178462,4.400000,laundry Seminyak Bali
Go Clean Laundry Bali,+62819-1629-4081,https://wa.me/6281916294081,"Jl. Pangkung Sari, Seminyak, Kec. Kuta Utara, Kabupaten Badung, Bali 80361, Indonesia",NO,https://www.google.com/maps?cid=4528823773597864766,4.300000,laundry Seminyak Bali
Laundry 2GO Laundromat,+62812-8868-4240,https://wa.me/6281288684240,"Jl. Kunti I No.4, Seminyak, Kuta, Badung Regency, Bali 80361, Indonesia",NO,https://www.google.com/maps?cid=4167733907364672368,3.900000,laundry Seminyak Bali
Laundry Express,,,"8546+GW2, Jl. Camplung Tanduk, Seminyak, Kuta, Badung Regency, Bali 80361, Indonesia",NO,https://www.google.com/maps?cid=3679759674930551788,4.400000,laundry Seminyak Bali
Laundry Hub Seminyak,+62877-7006-8994,https://wa.me/6287770068994,"Gg. Kahyangan No.5, Seminyak, Kuta, Badung Regency, Bali 80361, Indonesia",NO,https://www.google.com/maps?cid=12574687593133802252,4.800000,laundry Seminyak Bali
Laundry-In Express Bali Seminyak,+62821-4610-2249,https://wa.me/6282146102249,"Jl. Beraban, Kerobokan Kelod, Kuta Utara, Badung Regency, Bali 80361, Indonesia",NO,https://www.google.com/maps?cid=18301346814897507887,4.100000,laundry Seminyak Bali
Liv's Laundry,+62812-3414-649,https://wa.me/628123414649,"Gg. Siul No.35, Seminyak, Kec. Kuta, Kabupaten Badung, Bali 80361, Indonesia",NO,https://www.google.com/maps?cid=12304458956490543228,4.800000,laundry Seminyak Bali
Lucky Laundry,+62878-6553-5955,https://wa.me/6287865535955,"Jl. Sari Dewi No.30, Seminyak, Kuta, Badung Regency, Bali 80361, Indonesia",NO,https://www.google.com/maps?cid=2034446690827778209,4.900000,laundry Seminyak Bali
Mari Laundry,+62812-3704-7886,https://wa.me/6281237047886,"Jl. Petitenget Gg. Cempaka, Seminyak, Kuta Utara, Bali, 80361, Indonesia",NO,https://www.google.com/maps?cid=16636752661341482166,4.700000,laundry Seminyak Bali
Mrs. Wash Laundry Seminyak,+62823-1261-5319,https://wa.me/6282312615319,"Jl. Raya Seminyak Gg. Keraton No.97, Seminyak, Kec. Kuta, Kabupaten Badung, Bali 80361, Indonesia",NO,https://www.google.com/maps?cid=13215792432797803966,4.800000,laundry Seminyak Bali
Nadha Laundry Service,+62361732849,https://wa.me/62361732849,"Near, Gg. Melon No.1, Seminyak, Kuta, Badung Regency, Bali, Indonesia",NO,https://www.google.com/maps?cid=9565929035340117130,4.900000,laundry Seminyak Bali
Seminyak Laundry Express Service,+62812-1620-6321,https://wa.me/6281216206321,"Jl. Eka Laweya No.05, Legian, Kuta, Badung Regency, Bali 80361, Indonesia",NO,https://www.google.com/maps?cid=6743507450415603363,4.500000,laundry Seminyak Bali
"Sparkle Laundry II - Seminyak, Bali",+62819-3697-5972,https://wa.me/6281936975972,"Jl. Plawa No.25, Seminyak, Kuta, Badung Regency, Bali 80361, Indonesia",NO,https://www.google.com/maps?cid=14513202648513346119,4.700000,laundry Seminyak Bali
Abc Laundry,+62821-4412-3303,https://wa.me/6282144123303,"Jl. Bisma No.97, Ubud, Gianyar Regency, Bali 80571, Indonesia",NO,https://www.google.com/maps?cid=3389909416902690660,4.700000,laundry Ubud Bali
Arya Laundry Express,+62857-3907-1798,https://wa.me/6285739071798,"Jl. Sri Wedari No.3, Ubud, Gianyar Regency, Bali 80571, Indonesia",NO,https://www.google.com/maps?cid=16103578493456843620,4.300000,laundry Ubud Bali
Cahaya laundry,+62821-4638-0241,https://wa.me/6282146380241,"Jl. Arjuna No.17, Ubud, Gianyar Regency, Bali 80571, Indonesia",NO,https://www.google.com/maps?cid=15009964601656759126,4.600000,laundry Ubud Bali
Daily Laundry Ubud,+62877-2343-5888,https://wa.me/6287723435888,"Jl. Sukma Kesuma No.34, Peliatan, Kecamatan Ubud, Kabupaten Gianyar, Bali 80571, Indonesia",NO,https://www.google.com/maps?cid=200651851410397987,4.900000,laundry Ubud Bali
Green Lab Laundry Ubud,+62881-0383-87180,https://wa.me/62881038387180,"Jl. Raya Sriwedari No.53, Tegallalang, Kecamatan Ubud, Kabupaten Gianyar, Bali 80561, Indonesia",NO,https://www.google.com/maps?cid=590453788527285778,4.200000,laundry Ubud Bali
LAUNDRY LAND UBUD,+62877-5810-1700,https://wa.me/6287758101700,"Jl. Kajeng No.30, Ubud, Kecamatan Ubud, Kabupaten Gianyar, Bali 86051, Indonesia",NO,https://www.google.com/maps?cid=13788922697197426611,4.300000,laundry Ubud Bali
Mahesa Laundromart,+62821-4439-4889,https://wa.me/6282144394889,"PERSIS DISEBELAH M MART, Jl. Suweta No.32, Ubud, Gianyar Regency, Bali 80571, Indonesia",NO,https://www.google.com/maps?cid=12254403696269038342,4.500000,laundry Ubud Bali
Omang laundry,+62812-3960-0599,https://wa.me/6281239600599,"Jl. Sugriwa No.15, Ubud, Kecamatan Ubud, Kabupaten Gianyar, Bali 80571, Indonesia",NO,https://www.google.com/maps?cid=3895965759655649908,4.500000,laundry Ubud Bali
Pure Eco Laundry,+62823-4195-2065,https://wa.me/6282341952065,"Jl. Tirta Tawar No.32, Petulu, Ubud, Gianyar Regency, Bali 80571, Indonesia",NO,https://www.google.com/maps?cid=7615428269406714220,4.800000,laundry Ubud Bali
Suddha Eco Laundry,+62878-9498-9899,https://wa.me/6287894989899,"Jl. Suweta No.21, Ubud, Gianyar Regency, Bali 80571, Indonesia",NO,https://www.google.com/maps?cid=16829196461046846403,4.700000,laundry Ubud Bali
Ubud Village Laundry,+62895-0619-1001,https://wa.me/6289506191001,"Jl. Sukma Kesuma No.26, Peliatan, Ubud, Gianyar Regency, Bali 80571, Indonesia",NO,https://www.google.com/maps?cid=7324862535528654273,4.900000,laundry Ubud Bali
Yantik Laundry,+62878-6336-6778,https://wa.me/6287863366778,"MAS, Jl. Raya Nyuh Kuning, Ubud, Kecamatan Ubud, Denpasar, Bali 80571, Indonesia",NO,https://www.google.com/maps?cid=2030013723734763678,4.800000,laundry Ubud Bali
세탁소MaeMae Laundry,,,"Jl. Monkey Forest, Ubud, Gianyar Regency, Bali 80751, Indonesia",NO,https://www.google.com/maps?cid=17545171277797039877,4.400000,laundry Ubud Bali
BALI PEST CONTROL,+62813-3852-2833,https://wa.me/6281338522833,"Jl. Raya Dalung No.91, Br. Kaja, Kuta Utara, Badung Regency, Bali 80361, Indonesia",NO,https://www.google.com/maps?cid=9046838635431485761,5.000000,pest control Bali
Bio Pest Control Bali,+62812-3628-2363,https://wa.me/6281236282363,"Pemecutan Kaja, Denpasar Utara, Denpasar City, Bali 80111, Indonesia",NO,https://www.google.com/maps?cid=1086027584427316755,4.900000,pest control Bali
Pest control bali,+62817-9858-421,https://wa.me/628179858421,"Jl. Campuan asri IV. BB12, Dalung, Kec. Kuta Utara, Kabupaten Badung, Bali 80361, Indonesia",NO,https://www.google.com/maps?cid=7503768334202725186,5.000000,pest control Bali
Pest Hunter - Anti Termite & Pest Control,+62895-3556-02432,https://wa.me/62895355602432,"Gg. Dolly No.10, Siangan, Kec. Gianyar, Kabupaten Gianyar, Bali 80515, Siangan, Kec. Gianyar, Kabupaten Gianyar, Bali 80511, Indonesia",NO,https://www.google.com/maps?cid=9093280476887401789,5.000000,pest control Bali
"Termite Control Bali : Pembasmi Rayap, Fogging Nyamuk,",+62819-9951-1475,https://wa.me/6281999511475,"Jl. Kebo Iwa Selatan Gg. Lb. Agung, Padangsambian, Kec. Denpasar Bar., Kota Denpasar, Bali 80111, Indonesia",NO,https://www.google.com/maps?cid=16769358714675788293,4.800000,pest control Bali
Watugede Pestcontrol bali,+62878-6133-9412,https://wa.me/6287861339412,"Gg. Garuda II No.12, Tonja, Kec. Denpasar Utara, Kota Denpasar, Bali 80239, Indonesia",NO,https://www.google.com/maps?cid=17649092311206625405,4.700000,pest control Bali
Bali Private Driver - Bali Travel Vouchers,+62813-3800-7222,https://wa.me/6281338007222,"No.135x, Jl. Raya Pemogan belakang Adam Gym No.11, Pemogan, Denpasar Selatan, Denpasar City, Bali 80113, Indonesia",NO,https://www.google.com/maps?cid=2354456296927714429,4.900000,private driver Bali
Ketut Sila Private Driver Bali,+62897-0410-570,https://wa.me/628970410570,"Cemengon, Celuk, Kec. Sukawati, Kabupaten Gianyar, Bali 80582, Indonesia",NO,https://www.google.com/maps?cid=17631113506116264699,5.000000,private driver Bali
"Denpasar jasa Renovasi dan finishing pengecatan bangunan ,wall painting motif/texture,waterproofing dack, Bali",+62812-3797-5048,https://wa.me/6281237975048,"Jl. MT Haryono Blk. II No.9, Padangsambian Kaja, Kec. Denpasar Bar., Kota Denpasar, Bali 80112, Indonesia",NO,https://www.google.com/maps?cid=7369072407875348826,5.000000,renovasi villa Bali
Hadi projex renovasi Jasa tukang cat waterproofing keramik granit dan batu alam renovasi villa bali,+62881-0373-18614,https://wa.me/62881037318614,"947W+28P, Jl. Pantai Batu Bolong, Canggu, Kec. Kuta Utara, Kabupaten Badung, Bali 80351, Indonesia",NO,https://www.google.com/maps?cid=11894942579792887207,5.000000,renovasi villa Bali
Jasa Renovasi Villa Dan Rumah,+62823-3288-8752,https://wa.me/6282332888752,"85JX+GRV, Jl. Gn. Ringin III, Tegal Harum, Kec. Denpasar Bar., Kota Denpasar, Bali 80112, Indonesia",NO,https://www.google.com/maps?cid=12365045130740061880,0.000000,renovasi villa Bali
Jasa Service villa rumah dan hotel (karomah service),+62857-0743-9016,https://wa.me/6285707439016,"Gg. Nilawarsiki No.12, Pemogan, Denpasar Selatan, Kota Denpasar, Bali 03661, Indonesia",NO,https://www.google.com/maps?cid=7279151606386160659,5.000000,renovasi villa Bali
"Jasa tukang kayu, renovasi villa,hotel,resto,interior,kayu,joglo,pooll decking",+62812-2899-9372,https://wa.me/6281228999372,"Jl. Bisma, Ubud, Kecamatan Ubud, Kabupaten Gianyar, Bali 80571, Indonesia",NO,https://www.google.com/maps?cid=6626826223312850818,1.000000,renovasi villa Bali
JASA TUKANG RENOVASI FINISHING CAT RUMAH DAN VILLA BAROKAH 354,+62812-3804-4564,https://wa.me/6281238044564,"Gg. Wijaya Kusuma No.3, Padangsambian, Kec. Denpasar Bar., Kota Denpasar, Bali 80111, Indonesia",NO,https://www.google.com/maps?cid=6454518609594148327,5.000000,renovasi villa Bali
Jasa tukang renovasi Rumah dan villa bali,+62812-3955-7292,https://wa.me/6281239557292,"Gg. Salya, Padangsambian Klod, Kec. Denpasar Bar., Kota Denpasar, Bali 80117, Indonesia",NO,https://www.google.com/maps?cid=11084997722032875265,0.000000,renovasi villa Bali
Renovasi Spesialist house and villa,+62822-4724-0340,https://wa.me/6282247240340,"9532+453, Jl. Canggu Permai, Tibubeneng, Kec. Kuta Utara, Bali, 80111, Indonesia",NO,https://www.google.com/maps?cid=9967874790660602240,0.000000,renovasi villa Bali
Seno Renovasi & Repair | Jasa Renovaai Villa & Rumah,+62858-5862-6919,https://wa.me/6285858626919,"Perumahan Dalung Permai Jl. Perum Dalung Permai Blok JJ no 19, Dalung, Kec. Kuta Utara, Kabupaten Badung, Bali 80361, Indonesia",NO,https://www.google.com/maps?cid=2117254855103560925,0.000000,renovasi villa Bali
Service ac (ac nyoman) jasa service ac denpasar dan sekitarnya,+62819-9958-8415,https://wa.me/6281999588415,"Gg. Buana Ayu No.17, Padangsambian, Kec. Denpasar Bar., Kota Denpasar, Bali 80111, Indonesia",NO,https://www.google.com/maps?cid=12862006200322584901,4.700000,service AC Bali
Service Ac denpasar bali,+62857-3907-3252,https://wa.me/6285739073252,"Jl. Turi, kesiman denpasar, Kec. Denpasar Tim., Kota Denpasar, Bali 12345, Indonesia",NO,https://www.google.com/maps?cid=6386642174384995475,5.000000,service AC Bali
Jasa sopir pribadi,+62 822-3780-9188,https://wa.me/6282237809188,"Jalan Surya Buana I No.4, Kerobokan Kaja, Kec. Kuta Utara, Kota Denpasar, Bali 80361, Indonesia",NO,https://www.google.com/maps/place/Jasa+sopir+pribadi/data=!4m7!3m6!1s0x2dd239002a9d4391:0xa32ef537667d98d9!8m2!3d-8.630945!4d115.1730398!16s%2Fg%2F11zbbwsnrs!19sChIJkUOdKgA50i0R2Zh9Zjf1LqM?authuser=0&hl=en&rclk=1,0.000000,sopir pribadi Bali
Samskara Private Driver Bali,+62 821-3919-1005,https://wa.me/6282139191005,"Melinggih Kelod, Payangan, Gianyar Regency, Bali 80353, Indonesia",NO,https://www.google.com/maps/place/Samskara+Private+Driver+Bali/data=!4m7!3m6!1s0x2dd2231be8588831:0x20a09029f543987c!8m2!3d-8.4497923!4d115.2349576!16s%2Fg%2F11g_y5nn9p!19sChIJMYhY6Bsj0i0RfJhD9SmQoCA?authuser=0&hl=en&rclk=1,5.000000,sopir pribadi Bali
Cahaya Mulya,,,"Jl. Gatot Subroto Tim. No.505, Kesiman Petilan, East Denpasar, Denpasar City, Bali 80237, Indonesia",NO,https://www.google.com/maps?cid=10873448833253714290,5.000000,tukang kayu Bali
Daniel Bali,+62813-3874-0207,https://wa.me/6281338740207,"Jl. Penusuan Jl. Raya Tegallalang No.60, Tegallalang, Kec. Tegallalang, Kabupaten Gianyar, Bali 80561, Indonesia",NO,https://www.google.com/maps?cid=14149046757592822949,5.000000,tukang kayu Bali
Jaya Woodwork,+62812-2861-8296,https://wa.me/6281228618296,"Jalan Pulau Menjangan Gang: V Banjar Duh Pala No: 4, Dauh Peken, Kec. Tabanan, Kabupaten Tabanan, Bali 82111, Indonesia",NO,https://www.google.com/maps?cid=9969388507025598857,5.000000,tukang kayu Bali
JDS interior,+62813-3833-2257,https://wa.me/6281338332257,"Gg. Kertapura Vlll No.3a, no:15, Kec. Denpasar Bar., Kota Denpasar, Bali 80119, Indonesia",NO,https://www.google.com/maps?cid=17094021023499299071,5.000000,tukang kayu Bali
Pertukangan Kayu Rimba Karya,+62819-1638-4412,https://wa.me/6281916384412,"Jl. Tukad Balian No.454, Sidakarya, Denpasar Selatan, Kota Denpasar, Bali 80226, Indonesia",NO,https://www.google.com/maps?cid=3802096686691528230,4.300000,tukang kayu Bali
PT. Taru Nusa Kencana,+62819-3728-8488,https://wa.me/6281937288488,"Jl. Raya Munggu-Kapal No.99x, Munggu, Mengwi, Badung Regency, Bali 80351, Indonesia",NO,https://www.google.com/maps?cid=10414600272850942920,4.800000,tukang kayu Bali
Putra Bali Furniture,+62812-4607-9884,https://wa.me/6281246079884,"Jl. Raya Penarungan Lingk. Bangkiang Sidem No.10, Penarungan, Mengwi, Badung Regency, Bali 80351, Indonesia",NO,https://www.google.com/maps?cid=5717238691640274589,5.000000,tukang kayu Bali
QuitoArtBali Woodworking Project,,,"Jl. Subita Gg. VII No.4, Sumerta Kaja, Kec. Denpasar Tim., Kota Denpasar, Bali 80237, Indonesia",NO,https://www.google.com/maps?cid=18114446719803758244,5.000000,tukang kayu Bali
Sumber Ulin Bali,+62812-3761-9266,https://wa.me/6281237619266,"Jl. Tanah Lot, Pandak Gede, Kediri, Tabanan Regency, Bali 82121, Indonesia",NO,https://www.google.com/maps?cid=4843662020419186641,5.000000,tukang kayu Bali
Triyono Carpenter FURNITURE & INTERIOR,+62813-5304-6220,https://wa.me/6281353046220,"Gg. Taman Bali No.5, Sesetan, Denpasar Selatan, Denpasar City, Bali 80224, Indonesia",NO,https://www.google.com/maps?cid=14823412677503800713,1.000000,tukang kayu Bali
Tukang Furniture,+62857-3709-7892,https://wa.me/6285737097892,"Jl. Sutomo No.07, Pemecutan Kaja, Kec. Denpasar Utara, Kota Denpasar, Bali 80231, Indonesia",NO,https://www.google.com/maps?cid=16519662723159158545,4.500000,tukang kayu Bali
Tukang Kayu,+62812-3779-7498,https://wa.me/6281237797498,"Jl. Bypass Ngurah Rai No.77, Tuban, Kec. Kuta, Kabupaten Badung, Bali, Indonesia",NO,https://www.google.com/maps?cid=858109489204782516,5.000000,tukang kayu Bali
Tukang Kayu I Nyoman Gipen,+62851-0626-8182,https://wa.me/6285106268182,"C7CH+537, Jl. Raya Batuan, Batuan, Kec. Sukawati, Kabupaten Gianyar, Bali 80582, Indonesia",NO,https://www.google.com/maps?cid=13696302889423540822,5.000000,tukang kayu Bali
CV. KROSS SARANA TEKNIK,+62361772453,https://wa.me/62361772453,"taman griya, Jl. Danau Tamblingan Raya No.40, Jimbaran, South Kuta, Badung Regency, Bali 80361, Indonesia",NO,https://www.google.com/maps?cid=5866694229154415090,4.800000,tukang listrik Bali
Galang listrik Tibubeneng,+62812-4650-0990,https://wa.me/6281246500990,"Jl. Raya Padonan, Tibubeneng, Kuta Utara, Badung Regency, Bali 80531, Indonesia",NO,https://www.google.com/maps?cid=1493409192573573554,5.000000,tukang listrik Bali
LANCAR JAYA TEKNIK PERSADA (LJTP)MENGERJAKAN INFRASTRUKTUR & MECANIKAL ELECKTRIKAL PLUMBING,+62852-3862-2101,https://wa.me/6285238622101,"Jl. Gn. Bromo XII No.5, Tegal Kertha, Kec. Denpasar Bar., Kota Denpasar, Bali 80119, Indonesia",NO,https://www.google.com/maps?cid=2230346436859636981,4.800000,tukang listrik Bali
"Ngurah bali melayani tentang listrik,",+62819-5903-1160,https://wa.me/6281959031160,"H779+H38, Jl. Raya Bresela, Bresela, Kec. Payangan, Kabupaten Gianyar, Bali 80572, Indonesia",NO,https://www.google.com/maps?cid=2076819046191866592,5.000000,tukang listrik Bali
Putra Jaya Multi Service,+62812-3803-801,https://wa.me/628123803801,"Jl. Pucuk Bang No.8, Kesiman Kertalangu, Kec. Denpasar Tim., Kota Denpasar, Bali 80237, Indonesia",NO,https://www.google.com/maps?cid=1736883602284917457,5.000000,tukang listrik Bali
TUKANG LISTRIK BALI,+62857-3888-4249,https://wa.me/6285738884249,"9788+WCR, Gg. Jeruk, Batubulan, Kec. Sukawati, Kabupaten Gianyar, Bali 80237, Indonesia",NO,https://www.google.com/maps?cid=1634275229831291041,5.000000,tukang listrik Bali
Tukang listrik bali,+62813-5310-1013,https://wa.me/6281353101013,"Jl. Jayagiri XXI No.1b, Dangin Puri Klod, Kec. Denpasar Tim., Kota Denpasar, Bali 80234, Indonesia",NO,https://www.google.com/maps?cid=9607091610664034233,4.500000,tukang listrik Bali
tukang listrik Denpasar Bali,+62895-1990-2589,https://wa.me/6289519902589,"Gg. Melati No.184, Sesetan, Denpasar Selatan, Kota Denpasar, Bali 80114, Indonesia",NO,https://www.google.com/maps?cid=6570241405761991245,5.000000,tukang listrik Bali
Tukang Listrik Denpasar Bali,+62821-4654-0458,https://wa.me/6282146540458,"863G+RJ6, Sidakarya, Denpasar Selatan, Kota Denpasar, Bali 80225, Indonesia",NO,https://www.google.com/maps?cid=3904304250659670804,4.200000,tukang listrik Bali
tukang listrik denpasar Mahmud jaya,+62813-5309-1126,https://wa.me/6281353091126,"Gg. Taman Griya, Pemecutan Klod, Kec. Denpasar Bar., Kota Denpasar, Bali 80113, Indonesia",NO,https://www.google.com/maps?cid=13604378175509842664,4.300000,tukang listrik Bali
tukang listrik panggilan cepat badung denpasar tabanan 24jam,,,"Dalung, Kec. Kuta Utara, denpasar kota, Bali 80113, Indonesia",NO,https://www.google.com/maps?cid=6468437765367804386,4.600000,tukang listrik Bali
tukang listrik sanur area denpasar,+62852-3080-0460,https://wa.me/6285230800460,"Jl. Danau Tondano IV No.11 b, Sanur, Denpasar Selatan, Denpasar City, Bali 80228, Indonesia",NO,https://www.google.com/maps?cid=16068794702744171509,4.800000,tukang listrik Bali
Zaman sukses,+62813-5375-9718,https://wa.me/6281353759718,"Gg. 100, Pemecutan Klod, Kec. Denpasar Bar., Kota Denpasar, Bali 80119, Indonesia",NO,https://www.google.com/maps?cid=300880937129621437,4.600000,tukang listrik Bali
Alluna Florist,+62812-3722-5050,https://wa.me/6281237225050,"Jl. Serma Made Oka No.10, Dauh Puri Klod, Denpasar Barat, Denpasar City, Bali 80114, Indonesia",NO,https://www.google.com/maps?cid=13131026936600519707,5.000000,wedding florist Bali
Bali Saint Florist & Wedding Decoration,+62818-0540-0111,https://wa.me/6281805400111,"Gg IV /4 denpasar, Jl. Pulau Selayar, Dauh Puri Klod, denpasar bali, Kota Denpasar, Bali 80113, Indonesia",NO,https://www.google.com/maps?cid=8159148368913738422,4.800000,wedding florist Bali
DE TREND FLORIST BALI,+62812-3999-9866,https://wa.me/6281239999866,"Jl. Tukad Gangga No.21, Panjer, Denpasar Selatan, Kota Denpasar, Bali 80234, Indonesia",NO,https://www.google.com/maps?cid=3239182793274253135,4.800000,wedding florist Bali
Heliconia Bali Flower Shop,+62878-4746-0238,https://wa.me/6287847460238,"Jl. Gunung Salak Utara No.35, Padangsambian Klod, Denpasar Barat, Denpasar City, Bali 80117, Indonesia",NO,https://www.google.com/maps?cid=14998240925732551279,4.000000,wedding florist Bali
Momo Blooms Florist,+62857-3990-6447,https://wa.me/6285739906447,"Momo Blooms, Jl. Pulau Komodo No.16, Dauh Puri Klod, Denpasar Barat, Denpasar City, Bali 80114, Indonesia",NO,https://www.google.com/maps?cid=17810779183166008398,5.000000,wedding florist Bali
99 Wedding & Event Organizer Bali,+62817-4795-886,https://wa.me/628174795886,"Perum Bhineka Nusa Kauh III, Jl. Perum Dalung Permai No.34 Blok S, Dalung, Kec. Kuta Utara, Kabupaten Badung, Bali 80361, Indonesia",NO,https://www.google.com/maps?cid=4619834691061781465,4.900000,wedding organizer Bali
Pratiwi Bali Wedding Organizer,+62813-5754-4938,https://wa.me/6281357544938,"Jl. Jaya Giri No.31, Sumerta Kauh, Kec. Denpasar Tim., Kota Denpasar, Bali 80236, Indonesia",NO,https://www.google.com/maps?cid=3775130794791823324,4.900000,wedding organizer Bali
Wedding Organizer Bali,+62813-3744-3695,https://wa.me/6281337443695,"Jl. Kertapura Teuku Umar Bar. No.2, Pemecutan Klod, Kec. Denpasar Bar., Kota Denpasar, Bali 80119, Indonesia",NO,https://www.google.com/maps?cid=18152423397243687607,5.000000,wedding organizer Bali
Bali Ac - Gunawan Makmur Teknik,+62859-7954-0006,https://wa.me/6285979540006,"Jl. Karya Makmur No.25X, Ubung Kaja, Denpasar Utara, Denpasar City, Bali 80116, Indonesia",YES,https://www.google.com/maps?cid=4172476422538853398,4.600000,AC service Bali
GUT'S AC INDONESIA,+62812-3456-5016,https://wa.me/6281234565016,"Jl. Letda Reta No.56, Dangin Puri Klod, Kec. Denpasar Tim., Kota Denpasar, Bali 80234, Indonesia",YES,https://www.google.com/maps?cid=4393350888273503528,5.000000,AC service Bali
"iCool AC Service, Repair, & Maintenance BALI BRANCH (serving Daikin, Mitsubishi, Panasonic, GREE, Midea, LG, Samsung, etc.)",+62813-8604-9202,https://wa.me/6281386049202,"Jl. Bypass Ngurah Rai No.154, Sanur Kaja, Denpasar Selatan, Denpasar City, Bali 80237, Indonesia",YES,https://www.google.com/maps?cid=6498789529010404271,4.600000,AC service Bali
Khaisar Teknik Service Ac Denpasar,+62858-5758-8884,https://wa.me/6285857588884,"Jl. Cenigan Sari IV No.26, Sesetan, Denpasar Selatan, Denpasar City, Bali 80223, Indonesia",YES,https://www.google.com/maps?cid=6285420916696633244,4.300000,AC service Bali
Service & Instalasi AC Bali - Johny AC Bali,+62851-0043-3832,https://wa.me/6285100433832,"Jl. Nangka Utara No.279, Tonja, Denpasar Utara, Denpasar City, Bali 80239, Indonesia",YES,https://www.google.com/maps?cid=12582362597737872847,5.000000,AC service Bali
SERVICE AC BALI,+62812-4904-1543,https://wa.me/6281249041543,"Jl. Jaya Giri I No.10, Dangin Puri Klod, East Denpasar, Denpasar City, Bali 80232, Indonesia",YES,https://www.google.com/maps?cid=9497487390681779561,4.000000,AC service Bali
Service Ac di Denpasar,+62896-7530-2145,https://wa.me/6289675302145,"Gg. Mahkota 98, Pemecutan Klod, Kec. Denpasar Bar., Kota Denpasar, Bali 80113, Indonesia",YES,https://www.google.com/maps?cid=12168861800856488504,4.900000,AC service Bali
Service dan Cuci AC Panggilan di Bali,+62812-3534-6699,https://wa.me/6281235346699,"Gang 40 Jl. Raya Padang Luwih No.40E, Dalung, Kec. Kuta Utara, Kabupaten Badung, Bali 80361, Indonesia",YES,https://www.google.com/maps?cid=5268185004569855671,4.700000,AC service Bali
Bali Carpenter,+62811-3802-331,https://wa.me/628113802331,"Jl. Turi No.2, Dauh Peken, Kec. Tabanan, Kabupaten Tabanan, Bali 80361, Indonesia",YES,https://www.google.com/maps?cid=12513991817387213649,5.000000,carpenter Bali
BEST FURNITURE BALI,+62821-4723-7592,https://wa.me/6282147237592,"Jl. Raya Canggu, Tibubeneng, Kec. Kuta Utara, Kabupaten Badung, Bali 80361, Indonesia",YES,https://www.google.com/maps?cid=11350968858834004304,4.900000,carpenter Bali
CV. Made Carpenter Bali,,,"98P4+JC9, Sukawati, Kec. Sukawati, Kabupaten Gianyar, Bali, Indonesia",YES,https://www.google.com/maps?cid=16290146879800608569,5.000000,carpenter Bali
Kitaru - Lumber Store - Carpenter,+62823-4248-1388,https://wa.me/6282342481388,"l Jl. Pantai Saba No.47509, Saba, Kec. Blahbatuh, Kabupaten Gianyar, Bali 80581, Indonesia",YES,https://www.google.com/maps?cid=12968088520964923532,5.000000,carpenter Bali
Woodworking Bali,+62821-4566-6765,https://wa.me/6282145666765,"Jl. Gn. Merbabu No.1, Tegal Linggah, Pemecutan, Denpasar Barat, Denpasar City, Bali 81161, Indonesia",YES,https://www.google.com/maps?cid=1741201085368465069,0.000000,carpenter Bali
Bali Catering and Events,+62811-3821-0187,https://wa.me/6281138210187,"Icon Bali Mall, Jl. Danau Tamblingan No.5 GF-13, Sanur, Denpasar Selatan, Kota Denpasar, Bali 80228, Indonesia",YES,https://www.google.com/maps?cid=3783301131875530171,5.000000,catering Bali
Bali Catering Company,+62811-3818-009,https://wa.me/628113818009,"Jl. Petitenget No.45, Seminyak, Kuta Utara, Badung Regency, Bali 80361, Indonesia",YES,https://www.google.com/maps?cid=9779552782993597641,4.600000,catering Bali
Bali Chef & Bartender,+62812-3856-6812,https://wa.me/6281238566812,"Jl. Plawa No.11A, Seminyak, Kuta, Badung Regency, Bali 80361, Indonesia",YES,https://www.google.com/maps?cid=11451168566245812095,4.700000,catering Bali
Bali Good Food Catering,+62361285777,https://wa.me/62361285777,"Jl. Sedap Malam No.120, Kesiman, East Denpasar, Denpasar City, Bali 80237, Indonesia",YES,https://www.google.com/maps?cid=11180016496663580444,4.700000,catering Bali
Bali Miracle Catering,,,"Perumahan Puri Gading, Gg. Bendesa No.9, Jimbaran, South Kuta, Badung Regency, Bali 80361, Indonesia",YES,https://www.google.com/maps?cid=4094357874229823005,4.800000,catering Bali
Bali.Catering,+62816-231-791,https://wa.me/62816231791,"Pertokoan Depan Macan Fitness, Jl. Raya Padang Luwih No.9B, Dalung, Kuta Utara, Badung Regency, Bali 80361, Indonesia",YES,https://www.google.com/maps?cid=10607997651991898790,4.900000,catering Bali
Damar Bali Catering,+623614483133,https://wa.me/623614483133,"Gg. Pipit, Sidakarya, Denpasar Selatan, Denpasar City, Bali 80225, Indonesia",YES,https://www.google.com/maps?cid=3291433731409120869,4.900000,catering Bali
Lumbung Catering,+62811-385-007,https://wa.me/62811385007,"Gg. IV No.25D, Dauh Puri Klod, Kec. Denpasar Bar., Kota Denpasar, Bali 80223, Indonesia",YES,https://www.google.com/maps?cid=10397360773676432301,4.500000,catering Bali
Mimpi Catering Bali,+62823-4070-8601,https://wa.me/6282340708601,"Jl. Raya Tiyingtutul, Pererenan, Mengwi, Badung Regency, Bali 80351, Indonesia",YES,https://www.google.com/maps?cid=6671993059555523899,5.000000,catering Bali
OMA THIA'S Catering,+62815-5749-500,https://wa.me/628155749500,"Jl. Gunung Salak Utara Gg. Puri Ratu No.23, Padangsambian Klod, Denpasar Barat, Denpasar City, Bali 80361, Indonesia",YES,https://www.google.com/maps?cid=17421947222283819695,4.800000,catering Bali
Rayunan Bali Catering,+62821-4554-6474,https://wa.me/6282145546474,"No.96-B, Nusa Dua, Jl. Bypass Ngurah Rai Mumbul - Nusa Dua, Jimbaran, South Kuta, Badung Regency, Bali 80361, Indonesia",YES,https://www.google.com/maps?cid=1684365203576848837,5.000000,catering Bali
RG Bali Catering,,,"Jl. Tegal Luwih XXV No.43-38, Dalung, Kec. Kuta Utara, Kabupaten Badung, Bali 80361, Indonesia",YES,https://www.google.com/maps?cid=14661975665575675367,4.900000,catering Bali
Risa Catering Bali,+62878-6020-6845,https://wa.me/6287860206845,"Jl. Tukad Pancoran No.6A, Dauh Puri Klod, Denpasar Barat, Denpasar City, Bali 80225, Indonesia",YES,https://www.google.com/maps?cid=17202263037465145047,4.400000,catering Bali
Table d'Or Prime Catering,+62821-4492-8410,https://wa.me/6282144928410,"Jl. Gunung Salak Utara Gg. Puri Ratu No.22, Padangsambian Klod, Denpasar Barat, Badung Regency, Bali 80361, Indonesia",YES,https://www.google.com/maps?cid=1451332002926769974,5.000000,catering Bali
Tia Catering Service,+62819-9911-1110,https://wa.me/6281999111110,"Jl. Kusuma Dewa I No.36, Pemecutan Kaja, Kec. Denpasar Utara, Kota Denpasar, Bali 80111, Indonesia",YES,https://www.google.com/maps?cid=11203367476300114997,4.900000,catering Bali
Bali Clean Up Service,+62878-6416-0783,https://wa.me/6287864160783,"Jl. Pd. Indah, Pemecutan Kaja, Denpasar Utara, Denpasar City, Bali 80111, Indonesia",YES,https://www.google.com/maps?cid=17906524811042855122,5.000000,cleaning service Canggu Bali
Bali Clean& Interior,+62877-5100-3010,https://wa.me/6287751003010,"Jl. Wahyuning, Dalung, Kec. Kuta Utara, Kabupaten Badung, Bali 80361, Indonesia",YES,https://www.google.com/maps?cid=1128577800787479017,4.300000,cleaning service Canggu Bali
Bali Smart Cleaning,+62821-4432-8067,https://wa.me/6282144328067,"Jl. Purnawira V Blk. III No.1, Padangsambian, Kec. Denpasar Bar., Kota Denpasar, Bali 80117, Indonesia",YES,https://www.google.com/maps?cid=2501435876692312375,4.900000,cleaning service Canggu Bali
Bali Villa Cleaning,+623614741630,https://wa.me/623614741630,"Jl. Bumbak Umalas No.124, Kerobokan, Kuta Utara, Badung Regency, Bali 80363, Indonesia",YES,https://www.google.com/maps?cid=7074093104687735867,3.900000,cleaning service Canggu Bali
CSR Cleaning Bali,+62812-4939-2888,https://wa.me/6281249392888,"Jl. Taman Pancing No.7A, Pemogan, Denpasar Selatan, Denpasar City, Bali 80221, Indonesia",YES,https://www.google.com/maps?cid=10638284863960538997,4.500000,cleaning service Canggu Bali
Dewata Home Cleaning,+62857-9232-7823,https://wa.me/6285792327823,"Gg. Dewi Sri No.I, Pemogan, Denpasar Selatan, Kota Denpasar, Bali 80221, Indonesia",YES,https://www.google.com/maps?cid=7487135971637636481,4.600000,cleaning service Canggu Bali
Ex pool maintenance Bali,+62895-8002-40172,https://wa.me/62895800240172,"Dekat, Canggu, Kec. Kuta Utara, Kabupaten Badung, Bali 80351, Indonesia",YES,https://www.google.com/maps?cid=7496950569576946977,5.000000,cleaning service Canggu Bali
Heavenly Laundry,+62811-3872-2211,https://wa.me/6281138722211,"Jl. Raya Canggu No.165, Canggu, Kuta Utara, Badung Regency, Bali 80351, Indonesia",YES,https://www.google.com/maps?cid=18217496444594341792,4.500000,cleaning service Canggu Bali
Jlove Laundry Batu Bolong,+62815-1986-8436,https://wa.me/6281519868436,"Jl. Subak Canggu, Canggu, Kuta Utara, Badung Regency, Bali 80361, Indonesia",YES,https://www.google.com/maps?cid=17047958004495968832,4.000000,cleaning service Canggu Bali
Laundry Open Canggu,,,"Jl. Raya Babakan Canggu No.35, Banjar Babakan, Canggu, Kuta Utara, Badung Regency, Bali 80361, Indonesia",YES,https://www.google.com/maps?cid=7929072736606307209,4.700000,cleaning service Canggu Bali
Mitra Clean Bali (Jasa General Cleaning Bali),+62813-3855-5183,https://wa.me/6281338555183,"Jl. Raya Babakan Canggu No.106, Canggu, Kuta Utara, Badung Regency, Bali 80361, Indonesia",YES,https://www.google.com/maps?cid=7124762540663158894,4.900000,cleaning service Canggu Bali
Rumah Kita Cleaning Service,+62857-9281-3185,https://wa.me/6285792813185,"Jl. Indra Prasta, Mengwitani, Kec. Mengwi, Kabupaten Badung, Bali 80351, Indonesia",YES,https://www.google.com/maps?cid=3725855474903226554,5.000000,cleaning service Canggu Bali
Maria’s laundry,+62813-3347-0177,https://wa.me/6281333470177,"Jl. Drupadi II No.99, Seminyak, Kuta Utara, Badung Regency, Bali 80363, Indonesia",YES,https://www.google.com/maps?cid=12886775692763093470,4.800000,cleaning service Seminyak Bali
Neat Cleaning Service Bali,+62812-5202-6184,https://wa.me/6281252026184,"Jl. Gn. Tangkuban Perahu, Kerobokan Kelod, Kec. Kuta Utara, Kabupaten Badung, Bali 80111, Indonesia",YES,https://www.google.com/maps?cid=11646274186273029665,4.900000,cleaning service Seminyak Bali
Karya abadi teknik,+62889-7351-5412,https://wa.me/6288973515412,"Jl. Beringin Gg Pandan Harum No.9, banjar pegending, Dalung, Kec. Kuta Utara, Kabupaten Badung, Bali 80361, Indonesia",YES,https://www.google.com/maps?cid=21965986054033364,5.000000,electrician Bali
PT MAHA PUTRA ENGINEERING,+62851-0032-0000,https://wa.me/6285100320000,"Jl. Raya Tumbakbayuh - Pererenan No.23, Pererenan, Mengwi, Badung Regency, Bali 80351, Indonesia",YES,https://www.google.com/maps?cid=3899787118757931700,4.700000,electrician Bali
ARSA Indonesia Facilities Services,+623616200115,https://wa.me/623616200115,"Jl. Imam Bonjol Gg. Gn. Batur, Pemecutan Klod, Denpasar Barat, Denpasar City, Bali 80119, Indonesia",YES,https://www.google.com/maps?cid=7328719864758673688,4.800000,jasa kebersihan Bali
BALI CLEAN,+62819-9941-2255,https://wa.me/6281999412255,"Jl. Cokroaminoto No.190, Ubung, Kec. Denpasar Utara, Kota Denpasar, Bali 80115, Indonesia",YES,https://www.google.com/maps?cid=7308316333842483411,4.000000,jasa kebersihan Bali
Bali Clean Services - Jasa Cleaning service,+62811-3822-4777,https://wa.me/6281138224777,"Jl. Antasura, Peguyangan Kaja, Kec. Denpasar Utara, Kota Denpasar, Bali 80115, Indonesia",YES,https://www.google.com/maps?cid=5604524197499334696,0.000000,jasa kebersihan Bali
BaliClean,+62823-1351-1131,https://wa.me/6282313511131,"Jl. P. Moyo Tirta Sari II No.49, Pedungan, Denpasar Selatan, Kota Denpasar, Bali 80222, Indonesia",YES,https://www.google.com/maps?cid=1801306406471022196,3.400000,jasa kebersihan Bali
CV BALI CLEAN PLUS (CVBCP),+62813-3855-5952,https://wa.me/6281338555952,"Warko Tegal Linggah, Jl. Kebo Iwa Utara III Jl. Kebo Iwa No.III Blok C14 - C16, Padangsambian Kaja, Denpasar Barat, Denpasar City, Bali 80117, Indonesia",YES,https://www.google.com/maps?cid=3165055312402214571,5.000000,jasa kebersihan Bali
Jasa Cleaning Service Bali - Projasa Cleaning,+62812-3743-3011,https://wa.me/6281237433011,"Jl. Pulau Batanta No.18B, Dauh Puri Kauh, Kec. Denpasar Bar., Kota Denpasar, Bali 80114, Indonesia",YES,https://www.google.com/maps?cid=9529315886198271930,4.000000,jasa kebersihan Bali
JSC Bali - Cleaning Services,+62812-3902-6015,https://wa.me/6281239026015,,YES,https://www.google.com/maps?cid=12324926109622820806,4.700000,jasa kebersihan Bali
Klinklin - Cleaning Service Bali,+62856-4895-9369,https://wa.me/6285648959369,"Jl. Dewata Gg. VII No.9, Sidakarya, Denpasar Selatan, Denpasar City, Bali 80224, Indonesia",YES,https://www.google.com/maps?cid=6598726831459025594,4.800000,jasa kebersihan Bali
Naturalcleaningbali,+62812-4671-8118,https://wa.me/6281246718118,"Jl. Pulau Yoni No.10x, Pemogan, Denpasar Selatan, Kota Denpasar, Bali 80221, Indonesia",YES,https://www.google.com/maps?cid=14013664349884713720,4.900000,jasa kebersihan Bali
PT Karya Trustindo Utama (Jasa Cleaning Service Bali),+62852-0550-8775,https://wa.me/6285205508775,"Gg. Cemara, Pedungan, Denpasar Selatan, Denpasar City, Bali 80222, Indonesia",YES,https://www.google.com/maps?cid=7872713108379182715,4.700000,jasa kebersihan Bali
Agora Design Bali | Jasa Arsitektur dan Kontraktor,+62819-4900-4030,https://wa.me/6281949004030,"Jl. Sekar Jepun VI No.107, Kesiman Kertalangu, Kec. Denpasar Tim., Kota Denpasar, Bali 80237, Indonesia",YES,https://www.google.com/maps?cid=1871448201593871213,5.000000,kontraktor Bali
Bali Mude Jasa Arsitek dan Kontraktor,+62812-3794-7089,https://wa.me/6281237947089,"Jl. Padang Genta No.1 A, Padangsambian, Denpasar Barat, Denpasar City, Bali 80117, Indonesia",YES,https://www.google.com/maps?cid=855157974620697031,4.300000,kontraktor Bali
Construct Bali,+62878-6183-2648,https://wa.me/6287861832648,"Jl. Pengubengan Kauh No.37, Kerobokan, Kuta Utara, Badung Regency, Bali 80361, Indonesia",YES,https://www.google.com/maps?cid=9185264355379905407,4.700000,kontraktor Bali
CV Lina Jaya - Kontraktor & Konstruksi Baja,+62813-5300-2869,https://wa.me/6281353002869,"Gg. Baru No.8, Dauh Puri Kauh, Denpasar Barat, Denpasar City, Bali 80113, Indonesia",YES,https://www.google.com/maps?cid=4194599039090546460,4.600000,kontraktor Bali
CV. ABJ Bali,+62811-3933-302,https://wa.me/628113933302,"Jl. Pura Batu Pageh, Banjar Angas Sari, Ungasan, Kec. Kuta Sel., Kabupaten Badung, Bali 80361, Indonesia",YES,https://www.google.com/maps?cid=13541693460103440763,5.000000,kontraktor Bali
CV. Doa Jaya Konstruksi-Kontraktor Bangunan di Bali-Building Contractor in Bali,+62812-3933-1132,https://wa.me/6281239331132,"Jl. Kenanga I, Mekar Bhuwana, Abiansemal, Badung Regency, Bali 80352, Indonesia",YES,https://www.google.com/maps?cid=11925507969303355092,5.000000,kontraktor Bali
HAVEN Contractor - Kontraktor Terbaik di Denpasar,+62857-3993-6888,https://wa.me/6285739936888,"Jl. Bedahulu XX No.19, Peguyangan, Denpasar Utara, Denpasar City, Bali 80223, Indonesia",YES,https://www.google.com/maps?cid=6771959193703416299,4.900000,kontraktor Bali
Jasa Kontraktor Bali,+62822-6767-6363,https://wa.me/6282267676363,"Jl. Pidada III No.8, Ubung, Denpasar Utara, Denpasar City, Bali 81117, Indonesia",YES,https://www.google.com/maps?cid=14451573938605519414,4.900000,kontraktor Bali
Kontraktor Bali | CV. Bina Nusa Prima (BNP Bali),+62821-4639-5459,https://wa.me/6282146395459,"Jl. Pendidikan No.69, Sidakarya, Denpasar Selatan, Denpasar City, Bali 80224, Indonesia",YES,https://www.google.com/maps?cid=1974083796908423482,4.700000,kontraktor Bali
May & Lou Bali Builder,+62812-3823-8473,https://wa.me/6281238238473,"Jl. I Gusti Ngurah Rai No.66, Mengwi, Denpasar Barat, Badung Regency, Bali 80351, Indonesia",YES,https://www.google.com/maps?cid=9913628975714269329,4.600000,kontraktor Bali
PT UPADANA SEMESTA BALI Contractor,+623614783299,https://wa.me/623614783299,"Jl. Tukad Badung XVIII C No.3, Renon, East Denpasar, Denpasar City, Bali 80226, Indonesia",YES,https://www.google.com/maps?cid=14121060880594260948,4.800000,kontraktor Bali
PT. Nata Nusa Konstruksi,+62812-4658-7649,https://wa.me/6281246587649,"Jalan Nata, Sidakarya, Denpasar Selatan, Denpasar City, Bali 80224, Indonesia",YES,https://www.google.com/maps?cid=12137097437810583057,5.000000,kontraktor Bali
Rasita Karya Bali - Kontraktor Bangunan,+62877-4985-5868,https://wa.me/6287749855868,"Jl. Sekar Jepun VI No.107, Kesiman Kertalangu, Kec. Denpasar Tim., Kota Denpasar, Bali 80237, Indonesia",YES,https://www.google.com/maps?cid=9143943407116941437,5.000000,kontraktor Bali
SAKTI KONTRAKTOR - BALI ( PT SAKTI ANUGRAH SEMESTA),+62898-8000-609,https://wa.me/628988000609,"Jl. Cemp. I No.27, Dalung, Kec. Kuta Utara, Kabupaten Badung, Bali 80351, Indonesia",YES,https://www.google.com/maps?cid=9473088360346927684,5.000000,kontraktor Bali
Agung Laundry Syar'i,+62812-3850-0048,https://wa.me/6281238500048,"Jl. Pulau Selayar No.39, Dauh Puri Klod, Denpasar Barat, Denpasar City, Bali 80113, Indonesia",YES,https://www.google.com/maps?cid=14855767931396925193,4.800000,laundry Denpasar Bali
Almos Laundry & Dry Clean,+62851-0128-8666,https://wa.me/6285101288666,"Jl. Nangka No.34A, Dangin Puri Kaja, Denpasar Utara, Denpasar City, Bali 80234, Indonesia",YES,https://www.google.com/maps?cid=5155583412425510132,4.800000,laundry Denpasar Bali
Good Laundry Pulau Galang,+62811-3808-030,https://wa.me/628113808030,"Jl. Pulau Galang Jl. P. Galang BR. Gn. No.24B, Pemogan, Denpasar Selatan, Kota Denpasar, Bali 80228, Indonesia",YES,https://www.google.com/maps?cid=8707799077162174989,4.700000,laundry Denpasar Bali
Good Laundry Tukad Balian,,,"Jl. Tukad Balian No.154, Renon, Denpasar Selatan, Denpasar City, Bali 80226, Indonesia",YES,https://www.google.com/maps?cid=18272652122007567979,4.700000,laundry Denpasar Bali
Premium Laundry Bali & Dry Cleaning,+62851-9844-9473,https://wa.me/6285198449473,"Jl. Gatot Subroto Barat No.297a, Padangsambian Kaja, Kec. Denpasar Bar., Kota Denpasar, Bali 80118, Indonesia",YES,https://www.google.com/maps?cid=14078793900829383251,4.700000,laundry Denpasar Bali
Sukses Rezeki Laundry,+62895-3260-99188,https://wa.me/62895326099188,"Jl. Raya Pemogan No.26, Pemogan, Denpasar Selatan, Denpasar City, Bali 80221, Indonesia",YES,https://www.google.com/maps?cid=18046329944567052776,4.900000,laundry Denpasar Bali
Aura Laundry,+62813-9109-1841,https://wa.me/6281391091841,"Jl. Karang Tenget III No.22 X, Tuban, Kec. Kuta, Kabupaten Badung, Bali 80361, Indonesia",YES,https://www.google.com/maps?cid=13373403768290170295,4.700000,laundry Kuta Bali
Cuciyu Laundry & Dryclean,+62816-691-884,https://wa.me/62816691884,"Jl. Dewi Sri VIII No.9, Legian, Kuta, Badung Regency, Bali 80361, Indonesia",YES,https://www.google.com/maps?cid=15794074926122189649,4.400000,laundry Kuta Bali
ROYAL Laundry Express BALI,+62813-5343-805,https://wa.me/628135343805,"Jl. Kubu Anyar, Gang Pudak Sari 3 Ruko No 7A, Kuta, Kec. Kuta, Kabupaten Badung, Kuta, Kec. Kuta, Bali, 80361, Indonesia",YES,https://www.google.com/maps?cid=10552233873021114993,4.500000,laundry Kuta Bali
XL Laundry Express Bali,+62812-4645-5051,https://wa.me/6281246455051,"Jl. Kubu Anyar, Gang Pudak Sari 3 Ruko No 7, Kuta, Kec. Kuta, Kabupaten Badung, Kuta, Kec. Kuta, Bali, 80361, Indonesia",YES,https://www.google.com/maps?cid=6971620949915187074,4.600000,laundry Kuta Bali
"Ba-bless Laundry Seminyak | Express 3 Hours, Eco-friendly",+62851-5775-3355,https://wa.me/6285157753355,"Jl. Plawa.10A, Seminyak, Kec. Kuta, Kabupaten Badung, Bali 80361, Seminyak, Kec. Kuta, Kabupaten Badung, Bali 80631, Indonesia",YES,https://www.google.com/maps?cid=1097933126931045372,5.000000,laundry Seminyak Bali
Easy Day Laundry Seminyak,+62821-4608-2744,https://wa.me/6282146082744,"Jl. Mertanadi No.22E, Kerobokan Kelod, Kuta Utara, Badung Regency, Bali 80361, Indonesia",YES,https://www.google.com/maps?cid=13914754393022369472,4.900000,laundry Seminyak Bali
GYPSEAS LAUNDRY,+62878-2514-3443,https://wa.me/6287825143443,"Jl. Braban No.96, Seminyak, Bali, Badung Regency, Bali 80361, Indonesia",YES,https://www.google.com/maps?cid=13093152716646361533,4.700000,laundry Seminyak Bali
Hubit Laundry Express,+62815-2943-6207,https://wa.me/6281529436207,"Jl. Yudistira No.11, Seminyak, Kuta, Badung Regency, Bali 80361, Indonesia",YES,https://www.google.com/maps?cid=15544921939218822856,4.700000,laundry Seminyak Bali
Melia Laundry & Dry Cleaning Sunset Road Kuta,+62811-3093-3338,https://wa.me/6281130933338,"Jl. Sunset Road No.168x, Seminyak, Kec. Kuta, Denpasar, Bali 80361, Indonesia",YES,https://www.google.com/maps?cid=16573574032741877348,4.600000,laundry Seminyak Bali
Yeh 2 Premium laundry,+62817-9608-170,https://wa.me/628179608170,"Jl. Mertanadi No.58, Seminyak, Kuta Utara, Badung Regency, Bali 80361, Indonesia",YES,https://www.google.com/maps?cid=13999656067858349979,4.400000,laundry Seminyak Bali
@Ubud Laundry by Sari Dewi,+62812-3959-4446,https://wa.me/6281239594446,"G73F+775, Jl. Raya Andong, Petulu, Ubud, Gianyar Regency, Bali 80571, Indonesia",YES,https://www.google.com/maps?cid=9011498628640654667,4.300000,laundry Ubud Bali
Bubbles Express Laundry,+62823-4024-6464,https://wa.me/6282340246464,"Jl. RSI Markandya II, Kelusa, Ubud, Gianyar Regency, Bali 80561, Indonesia",YES,https://www.google.com/maps?cid=8916344400507154011,4.800000,laundry Ubud Bali
Diggy Doo's Laundry Ubud,+62819-2541-249,https://wa.me/628192541249,"Jl. Sri Wedari No.13, Ubud, Gianyar Regency, Bali 80571, Indonesia",YES,https://www.google.com/maps?cid=17865004480694568373,4.700000,laundry Ubud Bali
Sadhadewi Laundry,+62813-3768-3739,https://wa.me/6281337683739,"Gg. Anila, Ubud, Gianyar Regency, Bali 80571, Indonesia",YES,https://www.google.com/maps?cid=9044695415684129481,4.900000,laundry Ubud Bali
Seaweed Laundry Ubud,+62851-8682-0090,https://wa.me/6285186820090,"Jl. Tirta Tawar, Petulu, Ubud, Gianyar Regency, Bali 80571, Indonesia",YES,https://www.google.com/maps?cid=13169400666465837018,4.700000,laundry Ubud Bali
Swastee Eco Laundry Ubud,+62819-4630-1088,https://wa.me/6281946301088,"Jl. Raya Campuhan No.18, Sayan, Ubud, Gianyar Regency, Bali 80571, Indonesia",YES,https://www.google.com/maps?cid=15756535286278416397,4.500000,laundry Ubud Bali
UBUD TOP Laundry Express,+62811-384-110,https://wa.me/62811384110,"Jl. Raya Nyuh Kuning, Mas, Kecamatan Ubud, Kabupaten Gianyar, Bali 80571, Indonesia",YES,https://www.google.com/maps?cid=12061853253973184405,4.300000,laundry Ubud Bali
Bali Hibricon Pest Control,+62856-4377-1222,https://wa.me/6285643771222,"Jl. Gn. Talang VI A No.5, Buana Indah, Kec. Denpasar Bar., Kota Denpasar, Bali 80117, Indonesia",YES,https://www.google.com/maps?cid=5906847432928498151,4.000000,pest control Bali
Bali Termite : Jasa Anti Rayap - Termite Control - Fogging,+62821-4703-5048,https://wa.me/6282147035048,"hunian, jalan padma, Jl. Beteng Sari Gg. Bougenville No.15, Penatih, Kec. Denpasar Tim., Kota Denpasar, Bali 80238, Indonesia",YES,https://www.google.com/maps?cid=5024224520140781797,5.000000,pest control Bali
BNJ Pest Control,+62821-4598-4848,https://wa.me/6282145984848,"Jl. Giri Kencana II No.51, Jimbaran, Kec. Kuta Sel., Kabupaten Badung, Bali 80361, Indonesia",YES,https://www.google.com/maps?cid=17455699578215495515,4.800000,pest control Bali
CV EKOLOGI PEST BALI,+62821-4604-786,https://wa.me/628214604786,"Jl. Pakisaji No.5, Kesiman, Kec. Denpasar Tim., Kota Denpasar, Bali 80239, Indonesia",YES,https://www.google.com/maps?cid=9970725793028650659,5.000000,pest control Bali
Ecoforpest Exterminator,+62811-3852-772,https://wa.me/628113852772,"Jl. Kebo Iwa II Gg. Batu Sunia, Padangsambian Kaja, Denpasar Barat, Denpasar City, Bali 80117, Indonesia",YES,https://www.google.com/maps?cid=2439721541836959176,4.700000,pest control Bali
ETA SETIA ABADI,+62813-3734-7832,https://wa.me/6281337347832,"Gg. II No.1, Sumerta Kaja, East Denpasar, Denpasar City, Bali 80236, Indonesia",YES,https://www.google.com/maps?cid=4936766278203181000,5.000000,pest control Bali
Geotermix Pest Control Bali & Anti Rayap,+62821-4406-4599,https://wa.me/6282144064599,"Jl. Bypass Ngurah Rai No.34, Kedonganan, Kec. Kuta, Kabupaten Badung, Bali 80361, Indonesia",YES,https://www.google.com/maps?cid=13006715308306277596,5.000000,pest control Bali
Jasa Anti Rayap Bali - FRONT PEST CONTROL,+62877-6183-3655,https://wa.me/6287761833655,"Jl. Gatot Subroto VI Gg. Arya No.3, Dangin Puri Kaja, Kec. Denpasar Utara, Kota Denpasar, Bali 80231, Indonesia",YES,https://www.google.com/maps?cid=5729382789974604542,5.000000,pest control Bali
Jasa Anti Rayap Pest Control - Fumida Cabang Bali,+62822-2752-1613,https://wa.me/6282227521613,"Perumahan Taman Mahayu, Jl. Taman IV No.54, Sempidi, Mengwi, Badung Regency, Bali 80351, Indonesia",YES,https://www.google.com/maps?cid=13436048831521493051,5.000000,pest control Bali
Paramount Pest Control Bali,+62812-3577-7453,https://wa.me/6281235777453,"Jl. Mandiri II No.6B, Jimbaran, South Kuta, Badung Regency, Bali 80361, Indonesia",YES,https://www.google.com/maps?cid=8950522436124140141,4.800000,pest control Bali
Pestermite,+62811-3991-418,https://wa.me/628113991418,"Gg. Jalas Veva Jl. Juwet Sari No.08, Pemogan, Denpasar Selatan, Denpasar City, Bali 80221, Indonesia",YES,https://www.google.com/maps?cid=16994050824429475550,4.900000,pest control Bali
Quality Pest Control Bali,+62822-5219-8402,https://wa.me/6282252198402,"Gg. Cinta No.34, Sanur Kauh, Denpasar Selatan, Kota Denpasar, Bali 80228, Indonesia",YES,https://www.google.com/maps?cid=9108958418591153570,4.700000,pest control Bali
T4P,+62812-3873-511,https://wa.me/628123873511,"Jl. Raya Padang Luwih No.59, Dalung, Kuta Utara, Badung Regency, Bali 80361, Indonesia",YES,https://www.google.com/maps?cid=5652396156055102446,5.000000,pest control Bali
Termigon Pest Control - Bali,+62821-1778-471,https://wa.me/628211778471,"Jl. Nuansa Cliff No.C9, Menesa, Benoa, Kec. Kuta Sel., Kabupaten Badung, Bali 80361, Indonesia",YES,https://www.google.com/maps?cid=17726222691830011198,5.000000,pest control Bali
Bali Driver Private Tour,+62813-3797-5896,https://wa.me/6281337975896,"Jl. Pengipian No.4e, Kerobokan, Kuta Utara, Badung Regency, Bali 80361, Indonesia",YES,https://www.google.com/maps?cid=1686158827902675659,4.900000,private driver Bali
Bali Driver Seminyak - Private Day Tours,+62821-4413-8853,https://wa.me/6282144138853,"Jl. Batu Belig No.17, Seminyak, Kuta Utara, Badung Regency, Bali 80361, Indonesia",YES,https://www.google.com/maps?cid=14038786773919950010,5.000000,private driver Bali
Bali hire driver,+62859-6112-1222,https://wa.me/6285961121222,"Jl. Bypass Ngurah Rai No.28, Jimbaran, South Kuta, Badung Regency, Bali 80361, Indonesia",YES,https://www.google.com/maps?cid=8129289199020062344,4.700000,private driver Bali
Bali honest driver,+62813-3848-8188,https://wa.me/6281338488188,"Jalan Raya Petitenget, B Desa No.888, Kerobokan Kelod, Kec. Kuta Utara, Kabupaten Badung, Bali 80363, Indonesia",YES,https://www.google.com/maps?cid=12853349125762306054,4.800000,private driver Bali
Bali Local Private Driver - Hire Local Private Driver in Bali,+62813-3733-0131,https://wa.me/6281337330131,"Gg. Nusa Indah IV D No.6, Penatih Dangin Puri, East Denpasar, Denpasar City, Bali 80237, Indonesia",YES,https://www.google.com/maps?cid=373844218195679302,4.900000,private driver Bali
Bali Private Cab—Bali Airport taxi—Bali Private Driver —Hire driver in Bali for a day,+62878-1746-2162,https://wa.me/6287817462162,"Jl. Glogor Carik Gg. Tiger No.3, Pemogan, Denpasar Selatan, Denpasar City, Bali 80221, Indonesia",YES,https://www.google.com/maps?cid=2561503013960513004,4.900000,private driver Bali
Bali Private Driver - Nusa Dua,+62878-6002-2466,https://wa.me/6287860022466,"Jl. Pratama No.95, Benoa, South Kuta, Badung Regency, Bali 80361, Indonesia",YES,https://www.google.com/maps?cid=7709052064956653055,5.000000,private driver Bali
Bali Private Driver Club | Bali Car Hire With Driver,+62819-698-969,https://wa.me/62819698969,"Jl. Raya Sesetan No.406, Sesetan, Denpasar Selatan, Kota Denpasar, Bali 80223, Indonesia",YES,https://www.google.com/maps?cid=6807839498696009594,4.300000,private driver Bali
Bali Private Drivers,+62896-3704-2061,https://wa.me/6289637042061,"Jl. Padang Gajah Barat III No.10XX, Padangsambian Klod, Denpasar Barat, Denpasar City, Bali 80117, Indonesia",YES,https://www.google.com/maps?cid=11874765383873495574,5.000000,private driver Bali
balicab.com - Personal Bali Driver,+62812-3816-525,https://wa.me/628123816525,,YES,https://www.google.com/maps?cid=8101416324778879706,4.800000,private driver Bali
Good Bali Driver - Private Tours,+62812-3882-3237,https://wa.me/6281238823237,"Jl. Perumahan Udayana Permai No.A 18, Jimbaran, South Kuta, Badung Regency, Bali 80362, Indonesia",YES,https://www.google.com/maps?cid=3335481083668774709,4.900000,private driver Bali
Hire Bali Driver,+62812-3720-5332,https://wa.me/6281237205332,"Jl. Raya Kedewatan Ubud, Kedewatan, Kec. Gianyar, Kabupaten Gianyar, Bali 80571, Indonesia",YES,https://www.google.com/maps?cid=18321302694600918230,5.000000,private driver Bali
Hire Bali Tour,+62821-4740-7907,https://wa.me/6282147407907,"Jl. Raya Taman No.2, Seminyak, Kuta, Badung Regency, Bali 80361, Indonesia",YES,https://www.google.com/maps?cid=11273612012147011346,4.900000,private driver Bali
Made Dodi Private Driver Bali and Bali Tour Guide,+62817-342-264,https://wa.me/62817342264,"Perum Taman Uma Dewi Residence Gg2 No.2 pasekan Baduk Badung, Mengwi, Buduk, Kec. Mengwi, Kabupaten Badung, Bali 80351, Indonesia",YES,https://www.google.com/maps?cid=17832848452443241027,5.000000,private driver Bali
Mata Bali Private Driver,+62812-3824-0903,https://wa.me/6281238240903,"Br.Kambang, Bongkasa, Abiansemal, Badung Regency, Bali 80361, Indonesia",YES,https://www.google.com/maps?cid=8723382141825854549,5.000000,private driver Bali
Private Driver in Bali,+62813-3818-5304,https://wa.me/6281338185304,,YES,https://www.google.com/maps?cid=1750229695542283317,5.000000,private driver Bali
Surya Bali - Car Rent With Private Driver,+62823-4019-4143,https://wa.me/6282340194143,"Jl. Poh Gading No.12, Jimbaran, Bali, Kabupaten Badung, Bali 80361, Indonesia",YES,https://www.google.com/maps?cid=7004801201021561787,4.900000,private driver Bali
Your Bali Vacation | Bali Personal Driver | Hire Private Driver in Bali,+62877-4401-8505,https://wa.me/6287744018505,"Jl. Manyar, Batubulan, Kec. Sukawati, Kabupaten Gianyar, Bali 80582, Indonesia",YES,https://www.google.com/maps?cid=1786624707965743813,4.900000,private driver Bali
Aviator Bali Contractor – Villa Construction & Design,+62857-3754-1750,https://wa.me/6285737541750,"Gg. Kana Br. Tegal Gundul No.59, Tibubeneng, Kuta Utara, Badung Regency, Bali 80363, Indonesia",YES,https://www.google.com/maps?cid=5713571335054863901,5.000000,renovasi villa Bali
Bali Villa Kontraktor – PT Bali Global Villa Konstruksi,+62813-3125-242,https://wa.me/628133125242,"Jl. Kebo Iwa Utara No.26, Padangsambian Kaja, Kec. Denpasar Bar., Kota Denpasar, Bali 80117, Indonesia",YES,https://www.google.com/maps?cid=9578565345021117199,5.000000,renovasi villa Bali
DudukManis Villa Renovation & Construction,+62817-898-939,https://wa.me/62817898939,"Jl. Tanah Lot No.15B, Beraban, Kediri, Tabanan Regency, Bali 82121, Indonesia",YES,https://www.google.com/maps?cid=3146360873199125213,5.000000,renovasi villa Bali
Greywoods Villa Design & Construction Company Bali,+62877-7077-7050,https://wa.me/6287770777050,"Jl. Pantai Berawa, Tibubeneng, Kuta Utara, Badung Regency, Bali 80361, Indonesia",YES,https://www.google.com/maps?cid=7486362746466864841,4.600000,renovasi villa Bali
"Jasa Pembangunan,, Rumah pribadi,kos,villa,home stay, dll + material..",+62821-4579-0928,https://wa.me/6282145790928,"Gg. Angsa, Batubulan Kangin, Kec. Sukawati, Kabupaten Gianyar, Bali 80582, Indonesia",YES,https://www.google.com/maps?cid=5220948747853877286,5.000000,renovasi villa Bali
Renovasi Bali,+62823-1355-1978,https://wa.me/6282313551978,"Jl. Raya Anggungan, Lukluk, Kec. Mengwi, Kabupaten Badung, Bali 80351, Indonesia",YES,https://www.google.com/maps?cid=16702204360877318682,5.000000,renovasi villa Bali
Spesialis Renovasi I Jasa Kontraktor dan Rumah di Bali I Home Decor,+62813-3719-1777,https://wa.me/6281337191777,"Denpasar, Jl. Sedap Malam No.117, Sumerta Kelod, Kec. Denpasar Tim., Kota Denpasar, Bali 80237, Indonesia",YES,https://www.google.com/maps?cid=16941785051984038390,3.900000,renovasi villa Bali
Teville — Villa Construction Company Bali,+62822-6636-4676,https://wa.me/6282266364676,"Tushita Home, Mas, Ubud, Bali, 83221, Indonesia",YES,https://www.google.com/maps?cid=10726469978981963957,5.000000,renovasi villa Bali
Hans Service AC mobil,+62895-2025-0520,https://wa.me/6289520250520,"Jl. Teuku Umar No.115, Dauh Puri Klod, Denpasar Barat, Denpasar City, Bali 80114, Indonesia",YES,https://www.google.com/maps?cid=12287331394450762937,4.400000,service AC Bali
Service AC,,,"jln Ratna perum Bayuh asri blok 3 no 75, Ungasan, Kec. Kuta Sel., Kabupaten Badung, Bali 80361, Indonesia",YES,https://www.google.com/maps?cid=3580082100204856033,4.800000,service AC Bali
Service Ac Di Bali,,,"96GR+JCM, Jl. Trenggana, Penatih, Kec. Denpasar Tim., Kota Denpasar, Bali 80237, Indonesia",YES,https://www.google.com/maps?cid=16096610469013073117,0.000000,service AC Bali
Service Ac Jimbaran,+62812-3955-7535,https://wa.me/6281239557535,"Jl. Taman Baruna Blok Bougenville No.35, Jimbaran, Kec. Kuta Sel., Kabupaten Badung, Bali 80361, Indonesia",YES,https://www.google.com/maps?cid=8414765303948035681,4.200000,service AC Bali
Ubud Private Driver,+62 858-4757-9757,https://wa.me/6285847579757,"Jl. Br Jasan No.28, Sebatu, Tegallalang, Gianyar Regency, Bali 80561, Indonesia",YES,https://www.google.com/maps/place/Ubud+Private+Driver/data=!4m7!3m6!1s0x2dd21f6ba344fc15:0xb65edb895b998848!8m2!3d-8.3780332!4d115.3038197!16s%2Fg%2F11crzrntb8!19sChIJFfxEo2sf0i0RSIiZW4nbXrY?authuser=0&hl=en&rclk=1,5.000000,sopir pribadi Bali
Bubut kayu,+62853-3317-5684,https://wa.me/6285333175684,"Padangsambian Klod, Kota Denpasar, Padangsambian Klod, Denpasar Barat, Badung Regency, Bali 80117, Indonesia",YES,https://www.google.com/maps?cid=5364515034577984012,5.000000,tukang kayu Bali
Cahaya Kusen & Interior Bali,+62813-3788-9668,https://wa.me/6281337889668,"Gg. Cendrawasih, Dalung, Kec. Kuta Utara, Kabupaten Badung, Bali 80115, Indonesia",YES,https://www.google.com/maps?cid=4215328284488911692,5.000000,tukang kayu Bali
Cahaya Rimba Mebel Denpasar,+62878-5114-7092,https://wa.me/6287851147092,"Jl. Mahendradatta Selatan No.64, Padangsambian, Kec. Denpasar Bar., Kota Denpasar, Bali 80119, Indonesia",YES,https://www.google.com/maps?cid=2983746716077046828,4.000000,tukang kayu Bali
"CV Rajawali Indah Dewata | Jual Kayu Ulin, Bengkirai, Merbau, Kamper, Meranti | Jual Atap Sirap | Laser Cutting & CNC Router",+623612108049,https://wa.me/623612108049,"Jl. Tukad Balian No.200, Renon, Denpasar Selatan, Denpasar City, Bali 80226, Indonesia",YES,https://www.google.com/maps?cid=3723706972631577903,4.900000,tukang kayu Bali
Karya Kusuma,+62878-6564-3058,https://wa.me/6287865643058,"Jalan Sari Dana C, Jl. Cargo Permai Br. Umasari No.9X, Ubung Kaja, Kec. Denpasar Utara, Kota Denpasar, Bali 80116, Indonesia",YES,https://www.google.com/maps?cid=6845755188472782848,5.000000,tukang kayu Bali
MEGA CARPENTER INTERIOR BALI,+62856-4570-3892,https://wa.me/6285645703892,"95GH+8CM, Jl. Wayan Gentuh X, Dalung, Kec. Kuta Utara, Kabupaten Badung, Bali 80361, Indonesia",YES,https://www.google.com/maps?cid=11570326924120258108,5.000000,tukang kayu Bali
Pak Mat Carpenter,+62817-356-176,https://wa.me/62817356176,"Bj penamparan, Jl. Gn. Andakasa Jl. Tegal Dukuh Sel. No.ll, Padangsambian Kaja, Kec. Denpasar Bar., Kota Denpasar, Bali 80117, Indonesia",YES,https://www.google.com/maps?cid=13368572458345230959,4.700000,tukang kayu Bali
Instalasi Listrik Bali,+62815-1518-3632,https://wa.me/6281515183632,"86V4+33M, Jl. Gn. Batur, Pemecutan, Kec. Denpasar Bar., Kota Denpasar, Bali 80111, Indonesia",YES,https://www.google.com/maps?cid=13527233966698081150,4.600000,tukang listrik Bali
PURNA JAYA TEKNIK,+62822-4724-7792,https://wa.me/6282247247792,"Jl. Batuyang Gg. Elang X No.3, Batubulan, Kec. Sukawati, Kabupaten Gianyar, Bali 80582, Indonesia",YES,https://www.google.com/maps?cid=17605461026848683638,4.900000,tukang listrik Bali
"Tukang Listrik Area Denpasar - Canggu ( Nakula Djoyo Electric. Spesialis Stabilizer & Panel Electrical ), Electrician Canggu",+62852-5828-2635,https://wa.me/6285258282635,"Jl. Raya Sesetan Gg. Gumuk Sari No.15, Sesetan, Denpasar Selatan, Kota Denpasar, Bali 80223, Indonesia",YES,https://www.google.com/maps?cid=581424789542198764,5.000000,tukang listrik Bali
Tukang listrik dan pipa denpasar//Tukang listrik panggilan 24 jam,+62821-4361-6155,https://wa.me/6282143616155,"Jl. Mekar II, Pemogan, Denpasar Selatan, Kota Denpasar, Bali 80221, Indonesia",YES,https://www.google.com/maps?cid=8472355716746854289,5.000000,tukang listrik Bali
Tukang listrik denpasar,+62822-1806-6660,https://wa.me/6282218066660,"Jl. Imam Bonjol, Pemecutan Klod, Kec. Denpasar Bar., Kota Denpasar, Bali 80119, Indonesia",YES,https://www.google.com/maps?cid=5675822536260117628,5.000000,tukang listrik Bali
Bali Flower Decor - Wedding & Event Styling,+62877-1199-4454,https://wa.me/6287711994454,"Gg. I No.4, Sanur, Denpasar Selatan, Kota Denpasar, Bali 80228, Indonesia",YES,https://www.google.com/maps?cid=15221876101066305625,5.000000,wedding florist Bali
Bali Tropical Florist,+62812-3646-324,https://wa.me/628123646324,"Jl. Kendedes No No 36, Kuta, Badung Regency, Bali 80361, Indonesia",YES,https://www.google.com/maps?cid=14329133074908153583,4.500000,wedding florist Bali
Bloomz Flowers Bali,+62812-4654-8499,https://wa.me/6281246548499,"Jalan Mertasari no.99x, Lingkungan Pengubengan Kauh Kel. Kerobokan Kelod (Next To Sunrise School), Kuta Utara, Kerobokan Kelod, Kec. Kuta Utara, Kabupaten Badung, Bali 80361, Indonesia",YES,https://www.google.com/maps?cid=11063493872408994312,4.500000,wedding florist Bali
D'Oasis Florist,+62815-5705-757,https://wa.me/628155705757,"Jl. Pura Mertasari I Jl. Sunset Road No.88, Pemecutan Klod, Kuta, Badung Regency, Bali 80361, Indonesia",YES,https://www.google.com/maps?cid=6565653965439850620,4.700000,wedding florist Bali
Diva Florist Bali,+62878-6226-4981,https://wa.me/6287862264981,"Jl. Gn. Soputan No.103, Padangsambian Klod, Kec. Denpasar Bar., Kota Denpasar, Bali 80117, Indonesia",YES,https://www.google.com/maps?cid=6034935956358315739,4.600000,wedding florist Bali
E BOUQUET FLOWER STUDIO,+62817-7040-4333,https://wa.me/6281770404333,"Jl. Letda Reta No.65, Dangin Puri Klod, Kec. Denpasar Tim., Kota Denpasar, Bali 80232, Indonesia",YES,https://www.google.com/maps?cid=6145531071015683812,4.900000,wedding florist Bali
Fine Flowers Bali,+62811-1880-874,https://wa.me/628111880874,"Jl. Batu Belig No.6A, Kerobokan Kelod, Kuta Utara, Badung Regency, Bali 80361, Indonesia",YES,https://www.google.com/maps?cid=129912870627347333,4.900000,wedding florist Bali
Flower Power Florist Jimbaran,+62812-3674-5001,https://wa.me/6281236745001,"Jl. Uluwatu I No.124, Jimbaran, Kec. Kuta Sel., Kabupaten Badung, Bali 80361, Indonesia",YES,https://www.google.com/maps?cid=13401575932236409721,4.500000,wedding florist Bali
Lammar Flower Studio,+62823-1350-1399,https://wa.me/6282313501399,"Jl. Kutat Lestari Gg. Pribadi No.4g, Sanur Kauh, Denpasar Selatan, Denpasar City, Bali 80228, Indonesia",YES,https://www.google.com/maps?cid=17833397240552266699,5.000000,wedding florist Bali
Martha Florist canggu,+62813-3081-0559,https://wa.me/6281330810559,"Jl. Pantai Batu Bolong No.14a, Canggu, Kuta Utara, Badung Regency, Bali 80351, Indonesia",YES,https://www.google.com/maps?cid=16693443803595518716,4.600000,wedding florist Bali
RHEA florist & Decorations Bali,,,"kerobokan Jl. Intan Permai No.22 A, Kerobokan Kelod, Kec. Kuta Utara, Kabupaten Badung, Bali 80361, Indonesia",YES,https://www.google.com/maps?cid=4937673984933517535,5.000000,wedding florist Bali
Rosa Flowers Bali,+62821-4591-0550,https://wa.me/6282145910550,"Jl. Sunset Road, Legian, Kuta, Badung Regency, Bali 80361, Indonesia",YES,https://www.google.com/maps?cid=6463202668433005496,4.500000,wedding florist Bali
Sekar Sejagat Bali Wedding Decor,+62813-3667-5777,https://wa.me/6281336675777,"perumahan taman penta 1 Blok D No 4, Jimbaran, Kec. Kuta Sel., Kabupaten Badung, Bali 80361, Indonesia",YES,https://www.google.com/maps?cid=8906463139804967979,4.800000,wedding florist Bali
Spartyshop Studio,+62898-9155-564,https://wa.me/628989155564,"Jl. Imam Bonjol No.101, Pemecutan Klod, Denpasar Barat, Denpasar City, Bali 80112, Indonesia",YES,https://www.google.com/maps?cid=11172301381630349416,5.000000,wedding florist Bali
Viorella Bali,+62815-4747-3372,https://wa.me/6281547473372,"Jl. Tukad Pancoran IV H No.2, Dauh Puri Klod, Denpasar Barat, Denpasar City, Bali 80222, Indonesia",YES,https://www.google.com/maps?cid=16534691094121601031,5.000000,wedding florist Bali
Avavi Bali Wedding,+62812-7328-1111,https://wa.me/6281273281111,"Royal Tulip, Springhill Villas, Jl. Sembung No.8, Jimbaran, South Kuta, Badung Regency, Bali 80361, Indonesia",YES,https://www.google.com/maps?cid=9434574733512132036,5.000000,wedding organizer Bali
Bali Brides Wedding & Event Planner,+62822-3781-0706,https://wa.me/6282237810706,,YES,https://www.google.com/maps?cid=13426217308308894401,4.900000,wedding organizer Bali
Bali Happy Events,+62811-3960-5538,https://wa.me/6281139605538,"Jl. Kutat Lestari No.17B, Sanur, Denpasar Selatan, Denpasar City, Bali 80228, Indonesia",YES,https://www.google.com/maps?cid=1156955422879585995,4.900000,wedding organizer Bali
Bali Moon Wedding - Wedding Organizer Bali,+62812-3625-1417,https://wa.me/6281236251417,"Jl. Bukit Tinggi, D'Uma Sari Residence No.9, Br Kelod Kauh, Kapal, Beringkit, Kec. Mengwi, Kabupaten Badung, Bali 80351, Indonesia",YES,https://www.google.com/maps?cid=12425874961518719024,5.000000,wedding organizer Bali
Bali Testimoni Wedding,+62819-3158-0999,https://wa.me/6281931580999,"Gg. Nuansa No.3, Sanur Kaja, Denpasar Selatan, Kota Denpasar, Bali 80237, Indonesia",YES,https://www.google.com/maps?cid=9229578651503373729,5.000000,wedding organizer Bali
Bali Top Wedding,+62812-3849-0222,https://wa.me/6281238490222,"Jl. Tukad Balian No.99, Sidakarya, Denpasar Selatan, Kota Denpasar, Bali 80234, Indonesia",YES,https://www.google.com/maps?cid=7781327971469233277,4.900000,wedding organizer Bali
Bali Wedding Butler Organizer & Bridal,+62816-4707-902,https://wa.me/628164707902,"Jl. Muding Batu Sangian II No.10, Kel. Muding Kaja, Kuta Utara, Badung Regency, Bali 80361, Indonesia",YES,https://www.google.com/maps?cid=10405816988615171643,5.000000,wedding organizer Bali
Bali Wedding Paradise,+62361701282,https://wa.me/62361701282,"Jl. Bypass Ngurah Rai No.41, Kedonganan, Kuta, Badung Regency, Bali 80361, Indonesia",YES,https://www.google.com/maps?cid=6796649830287169373,4.800000,wedding organizer Bali
Bali Wedding Planner | Amor Eternal Bali Wedding,+62878-6178-0074,https://wa.me/6287861780074,"Gg. Wisata No.1, Pemogan, Denpasar Selatan, Denpasar City, Bali 80221, Indonesia",YES,https://www.google.com/maps?cid=12888122836436319721,5.000000,wedding organizer Bali
Bali wedding planner | The Seven Agency,+62877-7999-7725,https://wa.me/6287779997725,"Jl. Bypass Ngurah Rai No.314, Sanur, Denpasar Selatan, Denpasar City, Bali 80228, Indonesia",YES,https://www.google.com/maps?cid=4884989009231675159,4.700000,wedding organizer Bali
Bali Wedding Solutions,+62818-0552-8603,https://wa.me/6281805528603,"55W5+V7J, B7, Newland, Jimbaran, Kec. Kuta Sel., Kabupaten Badung, Bali 80361, Indonesia",YES,https://www.google.com/maps?cid=9209180640730917096,5.000000,wedding organizer Bali
Golden Lotus Event and Wedding Organizer Bali,+62813-3818-4627,https://wa.me/6281338184627,"Jl. Turi No.6, Sumerta Kelod, East Denpasar, Denpasar City, Bali 80237, Indonesia",YES,https://www.google.com/maps?cid=10022772097602617168,5.000000,wedding organizer Bali
Happy Bali Wedding,+62811-3866-672,https://wa.me/628113866672,"Alamanda Bali, Jl. Ngurah Rai No.67 5th Floor, Kedonganan, Kec. Kuta Sel., Kabupaten Badung, Bali 80361, Indonesia",YES,https://www.google.com/maps?cid=7372567159214205285,5.000000,wedding organizer Bali
Love Bali Wedding Office,+62811-3887-865,https://wa.me/628113887865,"Jl. Perumahan PT Angkasa Pura I Jl. Angkasa II No.1A, Jimbaran, South Kuta, Badung Regency, Bali 80361, Indonesia",YES,https://www.google.com/maps?cid=4076428397050921566,5.000000,wedding organizer Bali
Varawedding Bali Wedding Planner,+623614463008,https://wa.me/623614463008,"Jl. Wanagiri No.1H, Jimbaran, Kec. Kuta Sel., Kabupaten Badung, Bali 80364, Indonesia",YES,https://www.google.com/maps?cid=9084175322688946331,4.900000,wedding organizer Bali
Your Bali Wedding | Wedding Planner,+62811-3960-5383,https://wa.me/6281139605383,"No. 88X, Kerobokan, Jl. Sunset Road, Seminyak, Kuta Utara, Badung Regency, Bali 80361, Indonesia",YES,https://www.google.com/maps?cid=11689047681397773460,4.600000,wedding organizer Bali
